[INFO] Scanning for projects...
[INFO] 
[INFO] -------------------< com.finquest:finquest-backend >--------------------
[INFO] Building finquest-backend 0.0.1-SNAPSHOT
[INFO]   from pom.xml
[INFO] --------------------------------[ jar ]---------------------------------
[INFO] 
[INFO] >>> spring-boot:3.2.5:run (default-cli) > test-compile @ finquest-backend >>>
[INFO] 
[INFO] --- resources:3.3.1:resources (default-resources) @ finquest-backend ---
[INFO] Copying 1 resource from src\main\resources to target\classes
[INFO] Copying 4 resources from src\main\resources to target\classes
[INFO] 
[INFO] --- compiler:3.11.0:compile (default-compile) @ finquest-backend ---
[INFO] Changes detected - recompiling the module! :source
[INFO] Compiling 101 source files with javac [debug release 17] to target\classes
[INFO] Annotation processing is enabled because one or more processors were found
  on the class path. A future release of javac may disable annotation processing
  unless at least one processor is specified by name (-processor), or a search
  path is specified (--processor-path, --processor-module-path), or annotation
  processing is enabled explicitly (-proc:only, -proc:full).
  Use -Xlint:-options to suppress this message.
  Use -proc:none to disable annotation processing.
[WARNING] /c:/Users/maddy/Downloads/Fin_Quest-main/Fin_Quest-main/FinQuest-main/backend/src/main/java/com/finquest/dto/CompleteQuizResponseDto.java:[16,1] Generating equals/hashCode implementation but without a call to superclass, even though this class does not extend java.lang.Object. If this is intentional, add '@EqualsAndHashCode(callSuper=false)' to your type.
[INFO] 
[INFO] --- resources:3.3.1:testResources (default-testResources) @ finquest-backend ---
[INFO] skip non existing resourceDirectory c:\Users\maddy\Downloads\Fin_Quest-main\Fin_Quest-main\FinQuest-main\backend\src\test\resources
[INFO] 
[INFO] --- compiler:3.11.0:testCompile (default-testCompile) @ finquest-backend ---
[INFO] Changes detected - recompiling the module! :dependency
[INFO] Compiling 1 source file with javac [debug release 17] to target\test-classes
[INFO] Annotation processing is enabled because one or more processors were found
  on the class path. A future release of javac may disable annotation processing
  unless at least one processor is specified by name (-processor), or a search
  path is specified (--processor-path, --processor-module-path), or annotation
  processing is enabled explicitly (-proc:only, -proc:full).
  Use -Xlint:-options to suppress this message.
  Use -proc:none to disable annotation processing.
[INFO] 
[INFO] <<< spring-boot:3.2.5:run (default-cli) < test-compile @ finquest-backend <<<
[INFO] 
[INFO] 
[INFO] --- spring-boot:3.2.5:run (default-cli) @ finquest-backend ---
[INFO] Attaching agents: []

  .   ____          _            __ _ _
 /\\ / ___'_ __ _ _(_)_ __  __ _ \ \ \ \
( ( )\___ | '_ | '_| | '_ \/ _` | \ \ \ \
 \\/  ___)| |_)| | | | | || (_| |  ) ) ) )
  '  |____| .__|_| |_|_| |_\__, | / / / /
 =========|_|==============|___/=/_/_/_/
 :: Spring Boot ::                (v3.2.5)

2026-08-09T11:57:57.533+05:30  INFO 16784 --- [finquest-backend] [           main] com.finquest.FinquestApplication         : Starting FinquestApplication using Java 21.0.11 with PID 16784 (C:\Users\maddy\Downloads\Fin_Quest-main\Fin_Quest-main\FinQuest-main\backend\target\classes started by maddy in c:\Users\maddy\Downloads\Fin_Quest-main\Fin_Quest-main\FinQuest-main\backend)
2026-08-09T11:57:57.535+05:30  INFO 16784 --- [finquest-backend] [           main] com.finquest.FinquestApplication         : No active profile set, falling back to 1 default profile: "default"
2026-08-09T11:57:57.536+05:30 DEBUG 16784 --- [finquest-backend] [           main] o.s.boot.SpringApplication               : Loading source class com.finquest.FinquestApplication
2026-08-09T11:57:57.588+05:30 DEBUG 16784 --- [finquest-backend] [           main] ConfigServletWebServerApplicationContext : Refreshing org.springframework.boot.web.servlet.context.AnnotationConfigServletWebServerApplicationContext@24c1b2d2
2026-08-09T11:57:58.794+05:30  INFO 16784 --- [finquest-backend] [           main] .s.d.r.c.RepositoryConfigurationDelegate : Bootstrapping Spring Data JPA repositories in DEFAULT mode.
2026-08-09T11:57:58.817+05:30 DEBUG 16784 --- [finquest-backend] [           main] o.s.b.a.AutoConfigurationPackages        : @EnableAutoConfiguration was declared on a class in the package 'com.finquest'. Automatic @Repository and @Entity scanning is enabled.
2026-08-09T11:57:58.936+05:30  INFO 16784 --- [finquest-backend] [           main] .s.d.r.c.RepositoryConfigurationDelegate : Finished Spring Data repository scanning in 131 ms. Found 15 JPA repository interfaces.
2026-08-09T11:58:00.045+05:30 DEBUG 16784 --- [finquest-backend] [           main] .s.b.w.e.t.TomcatServletWebServerFactory : Code archive: C:\Users\maddy\.m2\repository\org\springframework\boot\spring-boot\3.2.5\spring-boot-3.2.5.jar
2026-08-09T11:58:00.046+05:30 DEBUG 16784 --- [finquest-backend] [           main] .s.b.w.e.t.TomcatServletWebServerFactory : Code archive: C:\Users\maddy\.m2\repository\org\springframework\boot\spring-boot\3.2.5\spring-boot-3.2.5.jar
2026-08-09T11:58:00.046+05:30 DEBUG 16784 --- [finquest-backend] [           main] .s.b.w.e.t.TomcatServletWebServerFactory : None of the document roots [src/main/webapp, public, static] point to a directory and will be ignored.
2026-08-09T11:58:00.083+05:30  INFO 16784 --- [finquest-backend] [           main] o.s.b.w.embedded.tomcat.TomcatWebServer  : Tomcat initialized with port 8080 (http)
2026-08-09T11:58:00.103+05:30  INFO 16784 --- [finquest-backend] [           main] o.apache.catalina.core.StandardService   : Starting service [Tomcat]
2026-08-09T11:58:00.103+05:30  INFO 16784 --- [finquest-backend] [           main] o.apache.catalina.core.StandardEngine    : Starting Servlet engine: [Apache Tomcat/10.1.20]
2026-08-09T11:58:00.221+05:30  INFO 16784 --- [finquest-backend] [           main] o.a.c.c.C.[Tomcat].[localhost].[/]       : Initializing Spring embedded WebApplicationContext
2026-08-09T11:58:00.221+05:30 DEBUG 16784 --- [finquest-backend] [           main] w.s.c.ServletWebServerApplicationContext : Published root WebApplicationContext as ServletContext attribute with name [org.springframework.web.context.WebApplicationContext.ROOT]
2026-08-09T11:58:00.222+05:30  INFO 16784 --- [finquest-backend] [           main] w.s.c.ServletWebServerApplicationContext : Root WebApplicationContext: initialization completed in 2633 ms
2026-08-09T11:58:00.368+05:30  INFO 16784 --- [finquest-backend] [           main] com.zaxxer.hikari.HikariDataSource       : HikariPool-1 - Starting...
2026-08-09T11:58:00.653+05:30  INFO 16784 --- [finquest-backend] [           main] com.zaxxer.hikari.pool.HikariPool        : HikariPool-1 - Added connection com.mysql.cj.jdbc.ConnectionImpl@30aec673
2026-08-09T11:58:00.656+05:30  INFO 16784 --- [finquest-backend] [           main] com.zaxxer.hikari.HikariDataSource       : HikariPool-1 - Start completed.
2026-08-09T11:58:00.787+05:30  INFO 16784 --- [finquest-backend] [           main] o.f.c.internal.license.VersionPrinter    : Flyway Community Edition 9.22.3 by Redgate
2026-08-09T11:58:00.787+05:30  INFO 16784 --- [finquest-backend] [           main] o.f.c.internal.license.VersionPrinter    : See release notes here: https://rd.gt/416ObMi
2026-08-09T11:58:00.787+05:30  INFO 16784 --- [finquest-backend] [           main] o.f.c.internal.license.VersionPrinter    : 
2026-08-09T11:58:00.817+05:30  INFO 16784 --- [finquest-backend] [           main] org.flywaydb.core.FlywayExecutor         : Database: jdbc:mysql://localhost:3306/finquest_db (MySQL 8.0)
2026-08-09T11:58:00.904+05:30  INFO 16784 --- [finquest-backend] [           main] o.f.core.internal.command.DbValidate     : Successfully validated 5 migrations (execution time 00:00.048s)
2026-08-09T11:58:00.923+05:30  INFO 16784 --- [finquest-backend] [           main] o.f.core.internal.command.DbMigrate      : Current version of schema `finquest_db`: 3
2026-08-09T11:58:00.942+05:30  INFO 16784 --- [finquest-backend] [           main] o.f.core.internal.command.DbMigrate      : Migrating schema `finquest_db` to version "4 - complete auth schema"
2026-08-09T11:58:01.346+05:30  INFO 16784 --- [finquest-backend] [           main] o.f.core.internal.command.DbMigrate      : Successfully applied 1 migration to schema `finquest_db`, now at version v4 (execution time 00:00.369s)
2026-08-09T11:58:01.474+05:30  INFO 16784 --- [finquest-backend] [           main] o.hibernate.jpa.internal.util.LogHelper  : HHH000204: Processing PersistenceUnitInfo [name: default]
2026-08-09T11:58:01.592+05:30  INFO 16784 --- [finquest-backend] [           main] org.hibernate.Version                    : HHH000412: Hibernate ORM core version 6.4.4.Final
2026-08-09T11:58:01.825+05:30  INFO 16784 --- [finquest-backend] [           main] o.h.c.internal.RegionFactoryInitiator    : HHH000026: Second-level cache disabled
2026-08-09T11:58:02.128+05:30  INFO 16784 --- [finquest-backend] [           main] o.s.o.j.p.SpringPersistenceUnitInfo      : No LoadTimeWeaver setup: ignoring JPA class transformer
2026-08-09T11:58:11.312+05:30  INFO 16784 --- [finquest-backend] [           main] o.h.e.t.j.p.i.JtaPlatformInitiator       : HHH000489: No JTA platform available (set 'hibernate.transaction.jta.platform' to enable JTA platform integration)
2026-08-09T11:58:11.316+05:30  INFO 16784 --- [finquest-backend] [           main] j.LocalContainerEntityManagerFactoryBean : Initialized JPA EntityManagerFactory for persistence unit 'default'
2026-08-09T11:58:11.779+05:30 DEBUG 16784 --- [finquest-backend] [           main] o.s.b.w.s.ServletContextInitializerBeans : Mapping filters: springSecurityFilterChain urls=[/*] order=-100, characterEncodingFilter urls=[/*] order=-2147483648, formContentFilter urls=[/*] order=-9900, requestContextFilter urls=[/*] order=-105, jwtAuthFilter urls=[/*] order=2147483647
2026-08-09T11:58:11.779+05:30 DEBUG 16784 --- [finquest-backend] [           main] o.s.b.w.s.ServletContextInitializerBeans : Mapping servlets: dispatcherServlet urls=[/]
2026-08-09T11:58:11.806+05:30 DEBUG 16784 --- [finquest-backend] [           main] o.s.b.w.s.f.OrderedRequestContextFilter  : Filter 'requestContextFilter' configured for use
2026-08-09T11:58:11.807+05:30 DEBUG 16784 --- [finquest-backend] [           main] s.b.w.s.f.OrderedCharacterEncodingFilter : Filter 'characterEncodingFilter' configured for use
2026-08-09T11:58:11.808+05:30 DEBUG 16784 --- [finquest-backend] [           main] .DelegatingFilterProxyRegistrationBean$1 : Filter 'springSecurityFilterChain' configured for use
2026-08-09T11:58:11.808+05:30 DEBUG 16784 --- [finquest-backend] [           main] o.s.b.w.s.f.OrderedFormContentFilter     : Filter 'formContentFilter' configured for use
2026-08-09T11:58:12.311+05:30 DEBUG 16784 --- [finquest-backend] [           main] org.hibernate.SQL                        : 
    select
        lm1_0.id,
        lm1_0.coin_reward,
        lm1_0.module_key,
        lm1_0.sequence_number,
        lm1_0.title,
        lm1_0.xp_reward 
    from
        learning_modules lm1_0 
    where
        lm1_0.module_key=?
Hibernate: 
    select
        lm1_0.id,
        lm1_0.coin_reward,
        lm1_0.module_key,
        lm1_0.sequence_number,
        lm1_0.title,
        lm1_0.xp_reward 
    from
        learning_modules lm1_0 
    where
        lm1_0.module_key=?
2026-08-09T11:58:12.336+05:30 DEBUG 16784 --- [finquest-backend] [           main] org.hibernate.SQL                        : 
    select
        lm1_0.id,
        lm1_0.coin_reward,
        lm1_0.module_key,
        lm1_0.sequence_number,
        lm1_0.title,
        lm1_0.xp_reward 
    from
        learning_modules lm1_0 
    where
        lm1_0.module_key=?
Hibernate: 
    select
        lm1_0.id,
        lm1_0.coin_reward,
        lm1_0.module_key,
        lm1_0.sequence_number,
        lm1_0.title,
        lm1_0.xp_reward 
    from
        learning_modules lm1_0 
    where
        lm1_0.module_key=?
2026-08-09T11:58:12.339+05:30 DEBUG 16784 --- [finquest-backend] [           main] org.hibernate.SQL                        : 
    select
        lm1_0.id,
        lm1_0.coin_reward,
        lm1_0.module_key,
        lm1_0.sequence_number,
        lm1_0.title,
        lm1_0.xp_reward 
    from
        learning_modules lm1_0 
    where
        lm1_0.module_key=?
Hibernate: 
    select
        lm1_0.id,
        lm1_0.coin_reward,
        lm1_0.module_key,
        lm1_0.sequence_number,
        lm1_0.title,
        lm1_0.xp_reward 
    from
        learning_modules lm1_0 
    where
        lm1_0.module_key=?
2026-08-09T11:58:12.341+05:30 DEBUG 16784 --- [finquest-backend] [           main] org.hibernate.SQL                        : 
    select
        lm1_0.id,
        lm1_0.coin_reward,
        lm1_0.module_key,
        lm1_0.sequence_number,
        lm1_0.title,
        lm1_0.xp_reward 
    from
        learning_modules lm1_0 
    where
        lm1_0.module_key=?
Hibernate: 
    select
        lm1_0.id,
        lm1_0.coin_reward,
        lm1_0.module_key,
        lm1_0.sequence_number,
        lm1_0.title,
        lm1_0.xp_reward 
    from
        learning_modules lm1_0 
    where
        lm1_0.module_key=?
2026-08-09T11:58:12.344+05:30 DEBUG 16784 --- [finquest-backend] [           main] org.hibernate.SQL                        : 
    select
        lm1_0.id,
        lm1_0.coin_reward,
        lm1_0.module_key,
        lm1_0.sequence_number,
        lm1_0.title,
        lm1_0.xp_reward 
    from
        learning_modules lm1_0 
    where
        lm1_0.module_key=?
Hibernate: 
    select
        lm1_0.id,
        lm1_0.coin_reward,
        lm1_0.module_key,
        lm1_0.sequence_number,
        lm1_0.title,
        lm1_0.xp_reward 
    from
        learning_modules lm1_0 
    where
        lm1_0.module_key=?
2026-08-09T11:58:12.346+05:30 DEBUG 16784 --- [finquest-backend] [           main] org.hibernate.SQL                        : 
    select
        lm1_0.id,
        lm1_0.coin_reward,
        lm1_0.module_key,
        lm1_0.sequence_number,
        lm1_0.title,
        lm1_0.xp_reward 
    from
        learning_modules lm1_0 
    where
        lm1_0.module_key=?
Hibernate: 
    select
        lm1_0.id,
        lm1_0.coin_reward,
        lm1_0.module_key,
        lm1_0.sequence_number,
        lm1_0.title,
        lm1_0.xp_reward 
    from
        learning_modules lm1_0 
    where
        lm1_0.module_key=?
2026-08-09T11:58:12.350+05:30 DEBUG 16784 --- [finquest-backend] [           main] org.hibernate.SQL                        : 
    select
        lm1_0.id,
        lm1_0.coin_reward,
        lm1_0.module_key,
        lm1_0.sequence_number,
        lm1_0.title,
        lm1_0.xp_reward 
    from
        learning_modules lm1_0 
    where
        lm1_0.module_key=?
Hibernate: 
    select
        lm1_0.id,
        lm1_0.coin_reward,
        lm1_0.module_key,
        lm1_0.sequence_number,
        lm1_0.title,
        lm1_0.xp_reward 
    from
        learning_modules lm1_0 
    where
        lm1_0.module_key=?
2026-08-09T11:58:12.353+05:30 DEBUG 16784 --- [finquest-backend] [           main] org.hibernate.SQL                        : 
    select
        lm1_0.id,
        lm1_0.coin_reward,
        lm1_0.module_key,
        lm1_0.sequence_number,
        lm1_0.title,
        lm1_0.xp_reward 
    from
        learning_modules lm1_0 
    where
        lm1_0.module_key=?
Hibernate: 
    select
        lm1_0.id,
        lm1_0.coin_reward,
        lm1_0.module_key,
        lm1_0.sequence_number,
        lm1_0.title,
        lm1_0.xp_reward 
    from
        learning_modules lm1_0 
    where
        lm1_0.module_key=?
2026-08-09T11:58:12.355+05:30 DEBUG 16784 --- [finquest-backend] [           main] org.hibernate.SQL                        : 
    select
        lm1_0.id,
        lm1_0.coin_reward,
        lm1_0.module_key,
        lm1_0.sequence_number,
        lm1_0.title,
        lm1_0.xp_reward 
    from
        learning_modules lm1_0 
    where
        lm1_0.module_key=?
Hibernate: 
    select
        lm1_0.id,
        lm1_0.coin_reward,
        lm1_0.module_key,
        lm1_0.sequence_number,
        lm1_0.title,
        lm1_0.xp_reward 
    from
        learning_modules lm1_0 
    where
        lm1_0.module_key=?
2026-08-09T11:58:12.358+05:30 DEBUG 16784 --- [finquest-backend] [           main] org.hibernate.SQL                        : 
    select
        lm1_0.id,
        lm1_0.coin_reward,
        lm1_0.module_key,
        lm1_0.sequence_number,
        lm1_0.title,
        lm1_0.xp_reward 
    from
        learning_modules lm1_0 
    where
        lm1_0.module_key=?
Hibernate: 
    select
        lm1_0.id,
        lm1_0.coin_reward,
        lm1_0.module_key,
        lm1_0.sequence_number,
        lm1_0.title,
        lm1_0.xp_reward 
    from
        learning_modules lm1_0 
    where
        lm1_0.module_key=?
2026-08-09T11:58:12.361+05:30 DEBUG 16784 --- [finquest-backend] [           main] org.hibernate.SQL                        : 
    select
        lm1_0.id,
        lm1_0.coin_reward,
        lm1_0.module_key,
        lm1_0.sequence_number,
        lm1_0.title,
        lm1_0.xp_reward 
    from
        learning_modules lm1_0 
    where
        lm1_0.module_key=?
Hibernate: 
    select
        lm1_0.id,
        lm1_0.coin_reward,
        lm1_0.module_key,
        lm1_0.sequence_number,
        lm1_0.title,
        lm1_0.xp_reward 
    from
        learning_modules lm1_0 
    where
        lm1_0.module_key=?
2026-08-09T11:58:12.364+05:30 DEBUG 16784 --- [finquest-backend] [           main] org.hibernate.SQL                        : 
    select
        lm1_0.id,
        lm1_0.coin_reward,
        lm1_0.module_key,
        lm1_0.sequence_number,
        lm1_0.title,
        lm1_0.xp_reward 
    from
        learning_modules lm1_0 
    where
        lm1_0.module_key=?
Hibernate: 
    select
        lm1_0.id,
        lm1_0.coin_reward,
        lm1_0.module_key,
        lm1_0.sequence_number,
        lm1_0.title,
        lm1_0.xp_reward 
    from
        learning_modules lm1_0 
    where
        lm1_0.module_key=?
2026-08-09T11:58:12.368+05:30 DEBUG 16784 --- [finquest-backend] [           main] org.hibernate.SQL                        : 
    select
        lm1_0.id,
        lm1_0.coin_reward,
        lm1_0.module_key,
        lm1_0.sequence_number,
        lm1_0.title,
        lm1_0.xp_reward 
    from
        learning_modules lm1_0 
    where
        lm1_0.module_key=?
Hibernate: 
    select
        lm1_0.id,
        lm1_0.coin_reward,
        lm1_0.module_key,
        lm1_0.sequence_number,
        lm1_0.title,
        lm1_0.xp_reward 
    from
        learning_modules lm1_0 
    where
        lm1_0.module_key=?
2026-08-09T11:58:12.371+05:30 DEBUG 16784 --- [finquest-backend] [           main] org.hibernate.SQL                        : 
    select
        lm1_0.id,
        lm1_0.coin_reward,
        lm1_0.module_key,
        lm1_0.sequence_number,
        lm1_0.title,
        lm1_0.xp_reward 
    from
        learning_modules lm1_0 
    where
        lm1_0.module_key=?
Hibernate: 
    select
        lm1_0.id,
        lm1_0.coin_reward,
        lm1_0.module_key,
        lm1_0.sequence_number,
        lm1_0.title,
        lm1_0.xp_reward 
    from
        learning_modules lm1_0 
    where
        lm1_0.module_key=?
2026-08-09T11:58:12.375+05:30 DEBUG 16784 --- [finquest-backend] [           main] org.hibernate.SQL                        : 
    select
        lm1_0.id,
        lm1_0.coin_reward,
        lm1_0.module_key,
        lm1_0.sequence_number,
        lm1_0.title,
        lm1_0.xp_reward 
    from
        learning_modules lm1_0 
    where
        lm1_0.module_key=?
Hibernate: 
    select
        lm1_0.id,
        lm1_0.coin_reward,
        lm1_0.module_key,
        lm1_0.sequence_number,
        lm1_0.title,
        lm1_0.xp_reward 
    from
        learning_modules lm1_0 
    where
        lm1_0.module_key=?
2026-08-09T11:58:12.474+05:30  WARN 16784 --- [finquest-backend] [           main] JpaBaseConfiguration$JpaWebConfiguration : spring.jpa.open-in-view is enabled by default. Therefore, database queries may be performed during view rendering. Explicitly configure spring.jpa.open-in-view to disable this warning
2026-08-09T11:58:12.682+05:30 DEBUG 16784 --- [finquest-backend] [           main] s.w.s.m.m.a.RequestMappingHandlerMapping : 43 mappings in 'requestMappingHandlerMapping'
2026-08-09T11:58:12.801+05:30 DEBUG 16784 --- [finquest-backend] [           main] o.s.w.s.handler.SimpleUrlHandlerMapping  : Patterns [/webjars/**, /**] in 'resourceHandlerMapping'
2026-08-09T11:58:12.870+05:30  INFO 16784 --- [finquest-backend] [           main] o.s.s.web.DefaultSecurityFilterChain     : Will secure any request with [org.springframework.security.web.session.DisableEncodeUrlFilter@10ecf244, org.springframework.security.web.context.request.async.WebAsyncManagerIntegrationFilter@28592982, org.springframework.security.web.context.SecurityContextHolderFilter@760b9444, org.springframework.security.web.header.HeaderWriterFilter@4dd28982, org.springframework.web.filter.CorsFilter@caee26e, org.springframework.security.web.authentication.logout.LogoutFilter@38f7a20, com.finquest.security.JwtAuthFilter@13f10967, org.springframework.security.web.savedrequest.RequestCacheAwareFilter@f6b128b, org.springframework.security.web.servletapi.SecurityContextHolderAwareRequestFilter@470fc16c, org.springframework.security.web.authentication.AnonymousAuthenticationFilter@a703934, org.springframework.security.web.session.SessionManagementFilter@3582077c, org.springframework.security.web.access.ExceptionTranslationFilter@7eb006bd, org.springframework.security.web.access.intercept.AuthorizationFilter@7569bc9f]
2026-08-09T11:58:12.954+05:30 DEBUG 16784 --- [finquest-backend] [           main] s.w.s.m.m.a.RequestMappingHandlerAdapter : ControllerAdvice beans: 0 @ModelAttribute, 0 @InitBinder, 1 RequestBodyAdvice, 1 ResponseBodyAdvice
2026-08-09T11:58:12.991+05:30 DEBUG 16784 --- [finquest-backend] [           main] .m.m.a.ExceptionHandlerExceptionResolver : ControllerAdvice beans: 1 @ExceptionHandler, 1 ResponseBodyAdvice
2026-08-09T11:58:13.210+05:30  INFO 16784 --- [finquest-backend] [           main] o.s.b.w.embedded.tomcat.TomcatWebServer  : Tomcat started on port 8080 (http) with context path ''
2026-08-09T11:58:13.229+05:30 DEBUG 16784 --- [finquest-backend] [           main] .s.b.a.l.ConditionEvaluationReportLogger : 


============================
CONDITIONS EVALUATION REPORT
============================


Positive matches:
-----------------

   AopAutoConfiguration matched:
      - @ConditionalOnProperty (spring.aop.auto=true) matched (OnPropertyCondition)

   AopAutoConfiguration.AspectJAutoProxyingConfiguration matched:
      - @ConditionalOnClass found required class 'org.aspectj.weaver.Advice' (OnClassCondition)

   AopAutoConfiguration.AspectJAutoProxyingConfiguration.CglibAutoProxyConfiguration matched:
      - @ConditionalOnProperty (spring.aop.proxy-target-class=true) matched (OnPropertyCondition)

   ApplicationAvailabilityAutoConfiguration#applicationAvailability matched:
      - @ConditionalOnMissingBean (types: org.springframework.boot.availability.ApplicationAvailability; SearchStrategy: all) did not find any beans (OnBeanCondition)

   DataSourceAutoConfiguration matched:
      - @ConditionalOnClass found required classes 'javax.sql.DataSource', 'org.springframework.jdbc.datasource.embedded.EmbeddedDatabaseType' (OnClassCondition)
      - @ConditionalOnMissingBean (types: io.r2dbc.spi.ConnectionFactory; SearchStrategy: all) did not find any beans (OnBeanCondition)

   DataSourceAutoConfiguration.PooledDataSourceConfiguration matched:
      - AnyNestedCondition 1 matched 1 did not; NestedCondition on DataSourceAutoConfiguration.PooledDataSourceCondition.PooledDataSourceAvailable PooledDataSource found supported DataSource; NestedCondition on DataSourceAutoConfiguration.PooledDataSourceCondition.ExplicitType @ConditionalOnProperty (spring.datasource.type) did not find property 'type' (DataSourceAutoConfiguration.PooledDataSourceCondition)
      - @ConditionalOnMissingBean (types: javax.sql.DataSource,javax.sql.XADataSource; SearchStrategy: all) did not find any beans (OnBeanCondition)

   DataSourceAutoConfiguration.PooledDataSourceConfiguration#jdbcConnectionDetails matched:
      - @ConditionalOnMissingBean (types: org.springframework.boot.autoconfigure.jdbc.JdbcConnectionDetails; SearchStrategy: all) did not find any beans (OnBeanCondition)

   DataSourceConfiguration.Hikari matched:
      - @ConditionalOnClass found required class 'com.zaxxer.hikari.HikariDataSource' (OnClassCondition)
      - @ConditionalOnProperty (spring.datasource.type=com.zaxxer.hikari.HikariDataSource) matched (OnPropertyCondition)
      - @ConditionalOnMissingBean (types: javax.sql.DataSource; SearchStrategy: all) did not find any beans (OnBeanCondition)

   DataSourceInitializationConfiguration matched:
      - @ConditionalOnClass found required class 'org.springframework.jdbc.datasource.init.DatabasePopulator' (OnClassCondition)
      - @ConditionalOnSingleCandidate (types: javax.sql.DataSource; SearchStrategy: all) found a single bean 'dataSource'; @ConditionalOnMissingBean (types: org.springframework.boot.autoconfigure.sql.init.SqlDataSourceScriptDatabaseInitializer,org.springframework.boot.autoconfigure.sql.init.SqlR2dbcScriptDatabaseInitializer; SearchStrategy: all) did not find any beans (OnBeanCondition)

   DataSourceJmxConfiguration matched:
      - @ConditionalOnProperty (spring.jmx.enabled=true) matched (OnPropertyCondition)

   DataSourceJmxConfiguration.Hikari matched:
      - @ConditionalOnClass found required class 'com.zaxxer.hikari.HikariDataSource' (OnClassCondition)
      - @ConditionalOnSingleCandidate (types: javax.sql.DataSource; SearchStrategy: all) found a single bean 'dataSource' (OnBeanCondition)

   DataSourcePoolMetadataProvidersConfiguration.HikariPoolDataSourceMetadataProviderConfiguration matched:
      - @ConditionalOnClass found required class 'com.zaxxer.hikari.HikariDataSource' (OnClassCondition)

   DataSourceTransactionManagerAutoConfiguration matched:
      - @ConditionalOnClass found required classes 'org.springframework.jdbc.core.JdbcTemplate', 'org.springframework.transaction.TransactionManager' (OnClassCondition)

   DataSourceTransactionManagerAutoConfiguration.JdbcTransactionManagerConfiguration matched:
      - @ConditionalOnSingleCandidate (types: javax.sql.DataSource; SearchStrategy: all) found a single bean 'dataSource' (OnBeanCondition)

   DispatcherServletAutoConfiguration matched:
      - @ConditionalOnClass found required class 'org.springframework.web.servlet.DispatcherServlet' (OnClassCondition)
      - found 'session' scope (OnWebApplicationCondition)

   DispatcherServletAutoConfiguration.DispatcherServletConfiguration matched:
      - @ConditionalOnClass found required class 'jakarta.servlet.ServletRegistration' (OnClassCondition)
      - Default DispatcherServlet did not find dispatcher servlet beans (DispatcherServletAutoConfiguration.DefaultDispatcherServletCondition)

   DispatcherServletAutoConfiguration.DispatcherServletRegistrationConfiguration matched:
      - @ConditionalOnClass found required class 'jakarta.servlet.ServletRegistration' (OnClassCondition)
      - DispatcherServlet Registration did not find servlet registration bean (DispatcherServletAutoConfiguration.DispatcherServletRegistrationCondition)

   DispatcherServletAutoConfiguration.DispatcherServletRegistrationConfiguration#dispatcherServletRegistration matched:
      - @ConditionalOnBean (names: dispatcherServlet types: org.springframework.web.servlet.DispatcherServlet; SearchStrategy: all) found bean 'dispatcherServlet' (OnBeanCondition)

   EmbeddedWebServerFactoryCustomizerAutoConfiguration matched:
      - @ConditionalOnWebApplication (required) found 'session' scope (OnWebApplicationCondition)
      - @ConditionalOnWarDeployment the application is not deployed as a WAR file. (OnWarDeploymentCondition)

   EmbeddedWebServerFactoryCustomizerAutoConfiguration.TomcatWebServerFactoryCustomizerConfiguration matched:
      - @ConditionalOnClass found required classes 'org.apache.catalina.startup.Tomcat', 'org.apache.coyote.UpgradeProtocol' (OnClassCondition)

   ErrorMvcAutoConfiguration matched:
      - @ConditionalOnClass found required classes 'jakarta.servlet.Servlet', 'org.springframework.web.servlet.DispatcherServlet' (OnClassCondition)
      - found 'session' scope (OnWebApplicationCondition)

   ErrorMvcAutoConfiguration#basicErrorController matched:
      - @ConditionalOnMissingBean (types: org.springframework.boot.web.servlet.error.ErrorController; SearchStrategy: current) did not find any beans (OnBeanCondition)

   ErrorMvcAutoConfiguration#errorAttributes matched:
      - @ConditionalOnMissingBean (types: org.springframework.boot.web.servlet.error.ErrorAttributes; SearchStrategy: current) did not find any beans (OnBeanCondition)

   ErrorMvcAutoConfiguration.DefaultErrorViewResolverConfiguration#conventionErrorViewResolver matched:
      - @ConditionalOnBean (types: org.springframework.web.servlet.DispatcherServlet; SearchStrategy: all) found bean 'dispatcherServlet'; @ConditionalOnMissingBean (types: org.springframework.boot.autoconfigure.web.servlet.error.ErrorViewResolver; SearchStrategy: all) did not find any beans (OnBeanCondition)

   ErrorMvcAutoConfiguration.WhitelabelErrorViewConfiguration matched:
      - @ConditionalOnProperty (server.error.whitelabel.enabled) matched (OnPropertyCondition)
      - ErrorTemplate Missing did not find error template view (ErrorMvcAutoConfiguration.ErrorTemplateMissingCondition)

   ErrorMvcAutoConfiguration.WhitelabelErrorViewConfiguration#beanNameViewResolver matched:
      - @ConditionalOnMissingBean (types: org.springframework.web.servlet.view.BeanNameViewResolver; SearchStrategy: all) did not find any beans (OnBeanCondition)

   ErrorMvcAutoConfiguration.WhitelabelErrorViewConfiguration#defaultErrorView matched:
      - @ConditionalOnMissingBean (names: error; SearchStrategy: all) did not find any beans (OnBeanCondition)

   FlywayAutoConfiguration matched:
      - @ConditionalOnClass found required class 'org.flywaydb.core.Flyway' (OnClassCondition)
      - @ConditionalOnProperty (spring.flyway.enabled) matched (OnPropertyCondition)
      - AnyNestedCondition 2 matched 1 did not; NestedCondition on FlywayAutoConfiguration.FlywayDataSourceCondition.FlywayUrlCondition @ConditionalOnProperty (spring.flyway.url) did not find property 'url'; NestedCondition on FlywayAutoConfiguration.FlywayDataSourceCondition.JdbcConnectionDetailsCondition @ConditionalOnBean (types: org.springframework.boot.autoconfigure.jdbc.JdbcConnectionDetails; SearchStrategy: all) found bean 'jdbcConnectionDetails'; NestedCondition on FlywayAutoConfiguration.FlywayDataSourceCondition.DataSourceBeanCondition @ConditionalOnBean (types: javax.sql.DataSource; SearchStrategy: all) found bean 'dataSource' (FlywayAutoConfiguration.FlywayDataSourceCondition)

   FlywayAutoConfiguration.FlywayConfiguration matched:
      - @ConditionalOnClass found required class 'org.springframework.jdbc.support.JdbcUtils' (OnClassCondition)
      - @ConditionalOnMissingBean (types: org.flywaydb.core.Flyway; SearchStrategy: all) did not find any beans (OnBeanCondition)

   FlywayAutoConfiguration.FlywayConfiguration#flywayConnectionDetails matched:
      - @ConditionalOnMissingBean (types: org.springframework.boot.autoconfigure.flyway.FlywayConnectionDetails; SearchStrategy: all) did not find any beans (OnBeanCondition)

   FlywayAutoConfiguration.FlywayConfiguration#flywayInitializer matched:
      - @ConditionalOnMissingBean (types: org.springframework.boot.autoconfigure.flyway.FlywayMigrationInitializer; SearchStrategy: all) did not find any beans (OnBeanCondition)

   FlywayAutoConfiguration.FlywayConfiguration#postgresqlFlywayConfigurationCustomizer matched:
      - @ConditionalOnClass found required class 'org.flywaydb.core.internal.database.postgresql.PostgreSQLConfigurationExtension' (OnClassCondition)

   GenericCacheConfiguration matched:
      - Cache org.springframework.boot.autoconfigure.cache.GenericCacheConfiguration automatic cache type (CacheCondition)

   GsonAutoConfiguration matched:
      - @ConditionalOnClass found required class 'com.google.gson.Gson' (OnClassCondition)

   GsonAutoConfiguration#gson matched:
      - @ConditionalOnMissingBean (types: com.google.gson.Gson; SearchStrategy: all) did not find any beans (OnBeanCondition)

   GsonAutoConfiguration#gsonBuilder matched:
      - @ConditionalOnMissingBean (types: com.google.gson.GsonBuilder; SearchStrategy: all) did not find any beans (OnBeanCondition)

   GsonHttpMessageConvertersConfiguration matched:
      - @ConditionalOnClass found required class 'com.google.gson.Gson' (OnClassCondition)

   HibernateJpaAutoConfiguration matched:
      - @ConditionalOnClass found required classes 'org.springframework.orm.jpa.LocalContainerEntityManagerFactoryBean', 'jakarta.persistence.EntityManager', 'org.hibernate.engine.spi.SessionImplementor' (OnClassCondition)

   HibernateJpaConfiguration matched:
      - @ConditionalOnSingleCandidate (types: javax.sql.DataSource; SearchStrategy: all) found a single bean 'dataSource' (OnBeanCondition)

   HttpEncodingAutoConfiguration matched:
      - @ConditionalOnClass found required class 'org.springframework.web.filter.CharacterEncodingFilter' (OnClassCondition)
      - found 'session' scope (OnWebApplicationCondition)
      - @ConditionalOnProperty (server.servlet.encoding.enabled) matched (OnPropertyCondition)

   HttpEncodingAutoConfiguration#characterEncodingFilter matched:
      - @ConditionalOnMissingBean (types: org.springframework.web.filter.CharacterEncodingFilter; SearchStrategy: all) did not find any beans (OnBeanCondition)

   HttpMessageConvertersAutoConfiguration matched:
      - @ConditionalOnClass found required class 'org.springframework.http.converter.HttpMessageConverter' (OnClassCondition)
      - NoneNestedConditions 0 matched 1 did not; NestedCondition on HttpMessageConvertersAutoConfiguration.NotReactiveWebApplicationCondition.ReactiveWebApplication did not find reactive web application classes (HttpMessageConvertersAutoConfiguration.NotReactiveWebApplicationCondition)

   HttpMessageConvertersAutoConfiguration#messageConverters matched:
      - @ConditionalOnMissingBean (types: org.springframework.boot.autoconfigure.http.HttpMessageConverters; SearchStrategy: all) did not find any beans (OnBeanCondition)

   HttpMessageConvertersAutoConfiguration.StringHttpMessageConverterConfiguration matched:
      - @ConditionalOnClass found required class 'org.springframework.http.converter.StringHttpMessageConverter' (OnClassCondition)

   HttpMessageConvertersAutoConfiguration.StringHttpMessageConverterConfiguration#stringHttpMessageConverter matched:
      - @ConditionalOnMissingBean (types: org.springframework.http.converter.StringHttpMessageConverter; SearchStrategy: all) did not find any beans (OnBeanCondition)

   JacksonAutoConfiguration matched:
      - @ConditionalOnClass found required class 'com.fasterxml.jackson.databind.ObjectMapper' (OnClassCondition)

   JacksonAutoConfiguration.Jackson2ObjectMapperBuilderCustomizerConfiguration matched:
      - @ConditionalOnClass found required class 'org.springframework.http.converter.json.Jackson2ObjectMapperBuilder' (OnClassCondition)

   JacksonAutoConfiguration.JacksonObjectMapperBuilderConfiguration matched:
      - @ConditionalOnClass found required class 'org.springframework.http.converter.json.Jackson2ObjectMapperBuilder' (OnClassCondition)

   JacksonAutoConfiguration.JacksonObjectMapperBuilderConfiguration#jacksonObjectMapperBuilder matched:
      - @ConditionalOnMissingBean (types: org.springframework.http.converter.json.Jackson2ObjectMapperBuilder; SearchStrategy: all) did not find any beans (OnBeanCondition)

   JacksonAutoConfiguration.JacksonObjectMapperConfiguration matched:
      - @ConditionalOnClass found required class 'org.springframework.http.converter.json.Jackson2ObjectMapperBuilder' (OnClassCondition)

   JacksonAutoConfiguration.JacksonObjectMapperConfiguration#jacksonObjectMapper matched:
      - @ConditionalOnMissingBean (types: com.fasterxml.jackson.databind.ObjectMapper; SearchStrategy: all) did not find any beans (OnBeanCondition)

   JacksonAutoConfiguration.ParameterNamesModuleConfiguration matched:
      - @ConditionalOnClass found required class 'com.fasterxml.jackson.module.paramnames.ParameterNamesModule' (OnClassCondition)

   JacksonAutoConfiguration.ParameterNamesModuleConfiguration#parameterNamesModule matched:
      - @ConditionalOnMissingBean (types: com.fasterxml.jackson.module.paramnames.ParameterNamesModule; SearchStrategy: all) did not find any beans (OnBeanCondition)

   JacksonHttpMessageConvertersConfiguration.MappingJackson2HttpMessageConverterConfiguration matched:
      - @ConditionalOnClass found required class 'com.fasterxml.jackson.databind.ObjectMapper' (OnClassCondition)
      - @ConditionalOnProperty (spring.mvc.converters.preferred-json-mapper=jackson) matched (OnPropertyCondition)
      - @ConditionalOnBean (types: com.fasterxml.jackson.databind.ObjectMapper; SearchStrategy: all) found bean 'jacksonObjectMapper' (OnBeanCondition)

   JacksonHttpMessageConvertersConfiguration.MappingJackson2HttpMessageConverterConfiguration#mappingJackson2HttpMessageConverter matched:
      - @ConditionalOnMissingBean (types: org.springframework.http.converter.json.MappingJackson2HttpMessageConverter ignored: org.springframework.hateoas.server.mvc.TypeConstrainedMappingJackson2HttpMessageConverter,org.springframework.data.rest.webmvc.alps.AlpsJsonHttpMessageConverter; SearchStrategy: all) did not find any beans (OnBeanCondition)

   JdbcClientAutoConfiguration matched:
      - @ConditionalOnSingleCandidate (types: org.springframework.jdbc.core.namedparam.NamedParameterJdbcTemplate; SearchStrategy: all) found a single bean 'namedParameterJdbcTemplate'; @ConditionalOnMissingBean (types: org.springframework.jdbc.core.simple.JdbcClient; SearchStrategy: all) did not find any beans (OnBeanCondition)

   JdbcTemplateAutoConfiguration matched:
      - @ConditionalOnClass found required classes 'javax.sql.DataSource', 'org.springframework.jdbc.core.JdbcTemplate' (OnClassCondition)
      - @ConditionalOnSingleCandidate (types: javax.sql.DataSource; SearchStrategy: all) found a single bean 'dataSource' (OnBeanCondition)

   JdbcTemplateConfiguration matched:
      - @ConditionalOnMissingBean (types: org.springframework.jdbc.core.JdbcOperations; SearchStrategy: all) did not find any beans (OnBeanCondition)

   JpaBaseConfiguration#entityManagerFactory matched:
      - @ConditionalOnMissingBean (types: org.springframework.orm.jpa.LocalContainerEntityManagerFactoryBean,jakarta.persistence.EntityManagerFactory; SearchStrategy: all) did not find any beans (OnBeanCondition)

   JpaBaseConfiguration#entityManagerFactoryBuilder matched:
      - @ConditionalOnMissingBean (types: org.springframework.boot.orm.jpa.EntityManagerFactoryBuilder; SearchStrategy: all) did not find any beans (OnBeanCondition)

   JpaBaseConfiguration#jpaVendorAdapter matched:
      - @ConditionalOnMissingBean (types: org.springframework.orm.jpa.JpaVendorAdapter; SearchStrategy: all) did not find any beans (OnBeanCondition)

   JpaBaseConfiguration#transactionManager matched:
      - @ConditionalOnMissingBean (types: org.springframework.transaction.TransactionManager; SearchStrategy: all) did not find any beans (OnBeanCondition)

   JpaBaseConfiguration.JpaWebConfiguration matched:
      - @ConditionalOnClass found required class 'org.springframework.web.servlet.config.annotation.WebMvcConfigurer' (OnClassCondition)
      - found 'session' scope (OnWebApplicationCondition)
      - @ConditionalOnProperty (spring.jpa.open-in-view=true) matched (OnPropertyCondition)
      - @ConditionalOnMissingBean (types: org.springframework.orm.jpa.support.OpenEntityManagerInViewInterceptor,org.springframework.orm.jpa.support.OpenEntityManagerInViewFilter; SearchStrategy: all) did not find any beans (OnBeanCondition)

   JpaBaseConfiguration.PersistenceManagedTypesConfiguration matched:
      - @ConditionalOnMissingBean (types: org.springframework.orm.jpa.LocalContainerEntityManagerFactoryBean,jakarta.persistence.EntityManagerFactory; SearchStrategy: all) did not find any beans (OnBeanCondition)

   JpaBaseConfiguration.PersistenceManagedTypesConfiguration#persistenceManagedTypes matched:
      - @ConditionalOnMissingBean (types: org.springframework.orm.jpa.persistenceunit.PersistenceManagedTypes; SearchStrategy: all) did not find any beans (OnBeanCondition)

   JpaRepositoriesAutoConfiguration matched:
      - @ConditionalOnClass found required class 'org.springframework.data.jpa.repository.JpaRepository' (OnClassCondition)
      - @ConditionalOnProperty (spring.data.jpa.repositories.enabled=true) matched (OnPropertyCondition)
      - @ConditionalOnBean (types: javax.sql.DataSource; SearchStrategy: all) found bean 'dataSource'; @ConditionalOnMissingBean (types: org.springframework.data.jpa.repository.support.JpaRepositoryFactoryBean,org.springframework.data.jpa.repository.config.JpaRepositoryConfigExtension; SearchStrategy: all) did not find any beans (OnBeanCondition)

   JtaAutoConfiguration matched:
      - @ConditionalOnClass found required class 'jakarta.transaction.Transaction' (OnClassCondition)
      - @ConditionalOnProperty (spring.jta.enabled) matched (OnPropertyCondition)

   LifecycleAutoConfiguration#defaultLifecycleProcessor matched:
      - @ConditionalOnMissingBean (names: lifecycleProcessor; SearchStrategy: current) did not find any beans (OnBeanCondition)

   MultipartAutoConfiguration matched:
      - @ConditionalOnClass found required classes 'jakarta.servlet.Servlet', 'org.springframework.web.multipart.support.StandardServletMultipartResolver', 'jakarta.servlet.MultipartConfigElement' (OnClassCondition)
      - found 'session' scope (OnWebApplicationCondition)
      - @ConditionalOnProperty (spring.servlet.multipart.enabled) matched (OnPropertyCondition)

   MultipartAutoConfiguration#multipartConfigElement matched:
      - @ConditionalOnMissingBean (types: jakarta.servlet.MultipartConfigElement; SearchStrategy: all) did not find any beans (OnBeanCondition)

   MultipartAutoConfiguration#multipartResolver matched:
      - @ConditionalOnMissingBean (types: org.springframework.web.multipart.MultipartResolver; SearchStrategy: all) did not find any beans (OnBeanCondition)

   NamedParameterJdbcTemplateConfiguration matched:
      - @ConditionalOnSingleCandidate (types: org.springframework.jdbc.core.JdbcTemplate; SearchStrategy: all) found a single bean 'jdbcTemplate'; @ConditionalOnMissingBean (types: org.springframework.jdbc.core.namedparam.NamedParameterJdbcOperations; SearchStrategy: all) did not find any beans (OnBeanCondition)

   NoOpCacheConfiguration matched:
      - Cache org.springframework.boot.autoconfigure.cache.NoOpCacheConfiguration automatic cache type (CacheCondition)

   PersistenceExceptionTranslationAutoConfiguration matched:
      - @ConditionalOnClass found required class 'org.springframework.dao.annotation.PersistenceExceptionTranslationPostProcessor' (OnClassCondition)

   PersistenceExceptionTranslationAutoConfiguration#persistenceExceptionTranslationPostProcessor matched:
      - @ConditionalOnProperty (spring.dao.exceptiontranslation.enabled) matched (OnPropertyCondition)
      - @ConditionalOnMissingBean (types: org.springframework.dao.annotation.PersistenceExceptionTranslationPostProcessor; SearchStrategy: all) did not find any beans (OnBeanCondition)

   PropertyPlaceholderAutoConfiguration#propertySourcesPlaceholderConfigurer matched:
      - @ConditionalOnMissingBean (types: org.springframework.context.support.PropertySourcesPlaceholderConfigurer; SearchStrategy: current) did not find any beans (OnBeanCondition)

   RestClientAutoConfiguration matched:
      - @ConditionalOnClass found required class 'org.springframework.web.client.RestClient' (OnClassCondition)
      - NoneNestedConditions 0 matched 1 did not; NestedCondition on NotReactiveWebApplicationCondition.ReactiveWebApplication did not find reactive web application classes (NotReactiveWebApplicationCondition)

   RestClientAutoConfiguration#httpMessageConvertersRestClientCustomizer matched:
      - @ConditionalOnMissingBean (types: org.springframework.boot.autoconfigure.web.client.HttpMessageConvertersRestClientCustomizer; SearchStrategy: all) did not find any beans (OnBeanCondition)

   RestClientAutoConfiguration#restClientBuilder matched:
      - @ConditionalOnMissingBean (types: org.springframework.web.client.RestClient$Builder; SearchStrategy: all) did not find any beans (OnBeanCondition)

   RestClientAutoConfiguration#restClientBuilderConfigurer matched:
      - @ConditionalOnMissingBean (types: org.springframework.boot.autoconfigure.web.client.RestClientBuilderConfigurer; SearchStrategy: all) did not find any beans (OnBeanCondition)

   RestClientAutoConfiguration#restClientSsl matched:
      - @ConditionalOnBean (types: org.springframework.boot.ssl.SslBundles; SearchStrategy: all) found bean 'sslBundleRegistry'; @ConditionalOnMissingBean (types: org.springframework.boot.autoconfigure.web.client.RestClientSsl; SearchStrategy: all) did not find any beans (OnBeanCondition)

   RestTemplateAutoConfiguration matched:
      - @ConditionalOnClass found required class 'org.springframework.web.client.RestTemplate' (OnClassCondition)
      - NoneNestedConditions 0 matched 1 did not; NestedCondition on NotReactiveWebApplicationCondition.ReactiveWebApplication did not find reactive web application classes (NotReactiveWebApplicationCondition)

   RestTemplateAutoConfiguration#restTemplateBuilder matched:
      - @ConditionalOnMissingBean (types: org.springframework.boot.web.client.RestTemplateBuilder; SearchStrategy: all) did not find any beans (OnBeanCondition)

   SecurityAutoConfiguration matched:
      - @ConditionalOnClass found required class 'org.springframework.security.authentication.DefaultAuthenticationEventPublisher' (OnClassCondition)

   SecurityAutoConfiguration#authenticationEventPublisher matched:
      - @ConditionalOnMissingBean (types: org.springframework.security.authentication.AuthenticationEventPublisher; SearchStrategy: all) did not find any beans (OnBeanCondition)

   SecurityFilterAutoConfiguration matched:
      - @ConditionalOnClass found required classes 'org.springframework.security.web.context.AbstractSecurityWebApplicationInitializer', 'org.springframework.security.config.http.SessionCreationPolicy' (OnClassCondition)
      - found 'session' scope (OnWebApplicationCondition)

   SecurityFilterAutoConfiguration#securityFilterChainRegistration matched:
      - @ConditionalOnBean (names: springSecurityFilterChain; SearchStrategy: all) found bean 'springSecurityFilterChain' (OnBeanCondition)

   ServletWebServerFactoryAutoConfiguration matched:
      - @ConditionalOnClass found required class 'jakarta.servlet.ServletRequest' (OnClassCondition)
      - found 'session' scope (OnWebApplicationCondition)

   ServletWebServerFactoryAutoConfiguration#tomcatServletWebServerFactoryCustomizer matched:
      - @ConditionalOnClass found required class 'org.apache.catalina.startup.Tomcat' (OnClassCondition)

   ServletWebServerFactoryConfiguration.EmbeddedTomcat matched:
      - @ConditionalOnClass found required classes 'jakarta.servlet.Servlet', 'org.apache.catalina.startup.Tomcat', 'org.apache.coyote.UpgradeProtocol' (OnClassCondition)
      - @ConditionalOnMissingBean (types: org.springframework.boot.web.servlet.server.ServletWebServerFactory; SearchStrategy: current) did not find any beans (OnBeanCondition)

   SimpleCacheConfiguration matched:
      - Cache org.springframework.boot.autoconfigure.cache.SimpleCacheConfiguration automatic cache type (CacheCondition)

   SpringBootWebSecurityConfiguration matched:
      - found 'session' scope (OnWebApplicationCondition)

   SpringBootWebSecurityConfiguration.WebSecurityEnablerConfiguration matched:
      - @ConditionalOnClass found required class 'org.springframework.security.config.annotation.web.configuration.EnableWebSecurity' (OnClassCondition)
      - @ConditionalOnMissingBean (names: springSecurityFilterChain; SearchStrategy: all) did not find any beans (OnBeanCondition)

   SpringDataWebAutoConfiguration matched:
      - @ConditionalOnClass found required classes 'org.springframework.data.web.PageableHandlerMethodArgumentResolver', 'org.springframework.web.servlet.config.annotation.WebMvcConfigurer' (OnClassCondition)
      - found 'session' scope (OnWebApplicationCondition)
      - @ConditionalOnMissingBean (types: org.springframework.data.web.PageableHandlerMethodArgumentResolver; SearchStrategy: all) did not find any beans (OnBeanCondition)

   SpringDataWebAutoConfiguration#pageableCustomizer matched:
      - @ConditionalOnMissingBean (types: org.springframework.data.web.config.PageableHandlerMethodArgumentResolverCustomizer; SearchStrategy: all) did not find any beans (OnBeanCondition)

   SpringDataWebAutoConfiguration#sortCustomizer matched:
      - @ConditionalOnMissingBean (types: org.springframework.data.web.config.SortHandlerMethodArgumentResolverCustomizer; SearchStrategy: all) did not find any beans (OnBeanCondition)

   SqlInitializationAutoConfiguration matched:
      - @ConditionalOnProperty (spring.sql.init.enabled) matched (OnPropertyCondition)
      - NoneNestedConditions 0 matched 1 did not; NestedCondition on SqlInitializationAutoConfiguration.SqlInitializationModeCondition.ModeIsNever @ConditionalOnProperty (spring.sql.init.mode=never) did not find property 'mode' (SqlInitializationAutoConfiguration.SqlInitializationModeCondition)

   SslAutoConfiguration#sslBundleRegistry matched:
      - @ConditionalOnMissingBean (types: org.springframework.boot.ssl.SslBundleRegistry,org.springframework.boot.ssl.SslBundles; SearchStrategy: all) did not find any beans (OnBeanCondition)

   TaskExecutionAutoConfiguration matched:
      - @ConditionalOnClass found required class 'org.springframework.scheduling.concurrent.ThreadPoolTaskExecutor' (OnClassCondition)

   TaskExecutorConfigurations.SimpleAsyncTaskExecutorBuilderConfiguration#simpleAsyncTaskExecutorBuilder matched:
      - @ConditionalOnMissingBean (types: org.springframework.boot.task.SimpleAsyncTaskExecutorBuilder; SearchStrategy: all) did not find any beans (OnBeanCondition)
      - @ConditionalOnThreading found PLATFORM (OnThreadingCondition)

   TaskExecutorConfigurations.TaskExecutorBuilderConfiguration#taskExecutorBuilder matched:
      - @ConditionalOnMissingBean (types: org.springframework.boot.task.TaskExecutorBuilder; SearchStrategy: all) did not find any beans (OnBeanCondition)

   TaskExecutorConfigurations.TaskExecutorConfiguration matched:
      - @ConditionalOnMissingBean (types: java.util.concurrent.Executor; SearchStrategy: all) did not find any beans (OnBeanCondition)

   TaskExecutorConfigurations.TaskExecutorConfiguration#applicationTaskExecutor matched:
      - @ConditionalOnThreading found PLATFORM (OnThreadingCondition)

   TaskExecutorConfigurations.ThreadPoolTaskExecutorBuilderConfiguration#threadPoolTaskExecutorBuilder matched:
      - @ConditionalOnMissingBean (types: org.springframework.boot.task.TaskExecutorBuilder,org.springframework.boot.task.ThreadPoolTaskExecutorBuilder; SearchStrategy: all) did not find any beans (OnBeanCondition)

   TaskSchedulingAutoConfiguration matched:
      - @ConditionalOnClass found required class 'org.springframework.scheduling.concurrent.ThreadPoolTaskScheduler' (OnClassCondition)

   TaskSchedulingConfigurations.SimpleAsyncTaskSchedulerBuilderConfiguration#simpleAsyncTaskSchedulerBuilder matched:
      - @ConditionalOnMissingBean (types: org.springframework.boot.task.SimpleAsyncTaskSchedulerBuilder; SearchStrategy: all) did not find any beans (OnBeanCondition)
      - @ConditionalOnThreading found PLATFORM (OnThreadingCondition)

   TaskSchedulingConfigurations.TaskSchedulerBuilderConfiguration#taskSchedulerBuilder matched:
      - @ConditionalOnMissingBean (types: org.springframework.boot.task.TaskSchedulerBuilder; SearchStrategy: all) did not find any beans (OnBeanCondition)

   TaskSchedulingConfigurations.ThreadPoolTaskSchedulerBuilderConfiguration#threadPoolTaskSchedulerBuilder matched:
      - @ConditionalOnMissingBean (types: org.springframework.boot.task.TaskSchedulerBuilder,org.springframework.boot.task.ThreadPoolTaskSchedulerBuilder; SearchStrategy: all) did not find any beans (OnBeanCondition)

   TransactionAutoConfiguration matched:
      - @ConditionalOnClass found required class 'org.springframework.transaction.PlatformTransactionManager' (OnClassCondition)

   TransactionAutoConfiguration.EnableTransactionManagementConfiguration matched:
      - @ConditionalOnBean (types: org.springframework.transaction.TransactionManager; SearchStrategy: all) found bean 'transactionManager'; @ConditionalOnMissingBean (types: org.springframework.transaction.annotation.AbstractTransactionManagementConfiguration; SearchStrategy: all) did not find any beans (OnBeanCondition)

   TransactionAutoConfiguration.EnableTransactionManagementConfiguration.CglibAutoProxyConfiguration matched:
      - @ConditionalOnProperty (spring.aop.proxy-target-class=true) matched (OnPropertyCondition)

   TransactionAutoConfiguration.TransactionTemplateConfiguration matched:
      - @ConditionalOnSingleCandidate (types: org.springframework.transaction.PlatformTransactionManager; SearchStrategy: all) found a single bean 'transactionManager' (OnBeanCondition)

   TransactionAutoConfiguration.TransactionTemplateConfiguration#transactionTemplate matched:
      - @ConditionalOnMissingBean (types: org.springframework.transaction.support.TransactionOperations; SearchStrategy: all) did not find any beans (OnBeanCondition)

   TransactionManagerCustomizationAutoConfiguration matched:
      - @ConditionalOnClass found required class 'org.springframework.transaction.PlatformTransactionManager' (OnClassCondition)

   TransactionManagerCustomizationAutoConfiguration#platformTransactionManagerCustomizers matched:
      - @ConditionalOnMissingBean (types: org.springframework.boot.autoconfigure.transaction.TransactionManagerCustomizers; SearchStrategy: all) did not find any beans (OnBeanCondition)

   ValidationAutoConfiguration matched:
      - @ConditionalOnClass found required class 'jakarta.validation.executable.ExecutableValidator' (OnClassCondition)
      - @ConditionalOnResource found location classpath:META-INF/services/jakarta.validation.spi.ValidationProvider (OnResourceCondition)

   ValidationAutoConfiguration#defaultValidator matched:
      - @ConditionalOnMissingBean (types: jakarta.validation.Validator; SearchStrategy: all) did not find any beans (OnBeanCondition)

   ValidationAutoConfiguration#methodValidationPostProcessor matched:
      - @ConditionalOnMissingBean (types: org.springframework.validation.beanvalidation.MethodValidationPostProcessor; SearchStrategy: current) did not find any beans (OnBeanCondition)

   WebMvcAutoConfiguration matched:
      - @ConditionalOnClass found required classes 'jakarta.servlet.Servlet', 'org.springframework.web.servlet.DispatcherServlet', 'org.springframework.web.servlet.config.annotation.WebMvcConfigurer' (OnClassCondition)
      - found 'session' scope (OnWebApplicationCondition)
      - @ConditionalOnMissingBean (types: org.springframework.web.servlet.config.annotation.WebMvcConfigurationSupport; SearchStrategy: all) did not find any beans (OnBeanCondition)

   WebMvcAutoConfiguration#formContentFilter matched:
      - @ConditionalOnProperty (spring.mvc.formcontent.filter.enabled) matched (OnPropertyCondition)
      - @ConditionalOnMissingBean (types: org.springframework.web.filter.FormContentFilter; SearchStrategy: all) did not find any beans (OnBeanCondition)

   WebMvcAutoConfiguration.EnableWebMvcConfiguration#flashMapManager matched:
      - @ConditionalOnMissingBean (names: flashMapManager; SearchStrategy: all) did not find any beans (OnBeanCondition)

   WebMvcAutoConfiguration.EnableWebMvcConfiguration#localeResolver matched:
      - @ConditionalOnMissingBean (names: localeResolver; SearchStrategy: all) did not find any beans (OnBeanCondition)

   WebMvcAutoConfiguration.EnableWebMvcConfiguration#themeResolver matched:
      - @ConditionalOnMissingBean (names: themeResolver; SearchStrategy: all) did not find any beans (OnBeanCondition)

   WebMvcAutoConfiguration.WebMvcAutoConfigurationAdapter#defaultViewResolver matched:
      - @ConditionalOnMissingBean (types: org.springframework.web.servlet.view.InternalResourceViewResolver; SearchStrategy: all) did not find any beans (OnBeanCondition)

   WebMvcAutoConfiguration.WebMvcAutoConfigurationAdapter#requestContextFilter matched:
      - @ConditionalOnMissingBean (types: org.springframework.web.context.request.RequestContextListener,org.springframework.web.filter.RequestContextFilter; SearchStrategy: all) did not find any beans (OnBeanCondition)

   WebMvcAutoConfiguration.WebMvcAutoConfigurationAdapter#viewResolver matched:
      - @ConditionalOnBean (types: org.springframework.web.servlet.ViewResolver; SearchStrategy: all) found beans 'defaultViewResolver', 'beanNameViewResolver', 'mvcViewResolver'; @ConditionalOnMissingBean (names: viewResolver types: org.springframework.web.servlet.view.ContentNegotiatingViewResolver; SearchStrategy: all) did not find any beans (OnBeanCondition)

   WebSocketServletAutoConfiguration matched:
      - @ConditionalOnClass found required classes 'jakarta.servlet.Servlet', 'jakarta.websocket.server.ServerContainer' (OnClassCondition)
      - found 'session' scope (OnWebApplicationCondition)

   WebSocketServletAutoConfiguration.TomcatWebSocketConfiguration matched:
      - @ConditionalOnClass found required classes 'org.apache.catalina.startup.Tomcat', 'org.apache.tomcat.websocket.server.WsSci' (OnClassCondition)

   WebSocketServletAutoConfiguration.TomcatWebSocketConfiguration#websocketServletWebServerCustomizer matched:
      - @ConditionalOnMissingBean (names: websocketServletWebServerCustomizer; SearchStrategy: all) did not find any beans (OnBeanCondition)


Negative matches:
-----------------

   ActiveMQAutoConfiguration:
      Did not match:
         - @ConditionalOnClass did not find required class 'jakarta.jms.ConnectionFactory' (OnClassCondition)

   AopAutoConfiguration.AspectJAutoProxyingConfiguration.JdkDynamicAutoProxyConfiguration:
      Did not match:
         - @ConditionalOnProperty (spring.aop.proxy-target-class=false) did not find property 'proxy-target-class' (OnPropertyCondition)

   AopAutoConfiguration.ClassProxyingConfiguration:
      Did not match:
         - @ConditionalOnMissingClass found unwanted class 'org.aspectj.weaver.Advice' (OnClassCondition)

   ArtemisAutoConfiguration:
      Did not match:
         - @ConditionalOnClass did not find required class 'jakarta.jms.ConnectionFactory' (OnClassCondition)

   BatchAutoConfiguration:
      Did not match:
         - @ConditionalOnClass did not find required class 'org.springframework.batch.core.launch.JobLauncher' (OnClassCondition)

   Cache2kCacheConfiguration:
      Did not match:
         - @ConditionalOnClass did not find required class 'org.cache2k.Cache2kBuilder' (OnClassCondition)

   CacheAutoConfiguration:
      Did not match:
         - @ConditionalOnBean (types: org.springframework.cache.interceptor.CacheAspectSupport; SearchStrategy: all) did not find any beans of type org.springframework.cache.interceptor.CacheAspectSupport (OnBeanCondition)
      Matched:
         - @ConditionalOnClass found required class 'org.springframework.cache.CacheManager' (OnClassCondition)

   CacheAutoConfiguration.CacheManagerEntityManagerFactoryDependsOnPostProcessor:
      Did not match:
         - Ancestor org.springframework.boot.autoconfigure.cache.CacheAutoConfiguration did not match (ConditionEvaluationReport.AncestorsMatchedCondition)
      Matched:
         - @ConditionalOnClass found required class 'org.springframework.orm.jpa.LocalContainerEntityManagerFactoryBean' (OnClassCondition)

   CaffeineCacheConfiguration:
      Did not match:
         - @ConditionalOnClass did not find required class 'com.github.benmanes.caffeine.cache.Caffeine' (OnClassCondition)

   CassandraAutoConfiguration:
      Did not match:
         - @ConditionalOnClass did not find required class 'com.datastax.oss.driver.api.core.CqlSession' (OnClassCondition)

   CassandraDataAutoConfiguration:
      Did not match:
         - @ConditionalOnClass did not find required class 'com.datastax.oss.driver.api.core.CqlSession' (OnClassCondition)

   CassandraReactiveDataAutoConfiguration:
      Did not match:
         - @ConditionalOnClass did not find required class 'com.datastax.oss.driver.api.core.CqlSession' (OnClassCondition)

   CassandraReactiveRepositoriesAutoConfiguration:
      Did not match:
         - @ConditionalOnClass did not find required class 'org.springframework.data.cassandra.ReactiveSession' (OnClassCondition)

   CassandraRepositoriesAutoConfiguration:
      Did not match:
         - @ConditionalOnClass did not find required class 'com.datastax.oss.driver.api.core.CqlSession' (OnClassCondition)

   ClientHttpConnectorAutoConfiguration:
      Did not match:
         - @ConditionalOnClass did not find required class 'org.springframework.web.reactive.function.client.WebClient' (OnClassCondition)

   CodecsAutoConfiguration:
      Did not match:
         - @ConditionalOnClass did not find required class 'org.springframework.web.reactive.function.client.WebClient' (OnClassCondition)

   CouchbaseAutoConfiguration:
      Did not match:
         - @ConditionalOnClass did not find required class 'com.couchbase.client.java.Cluster' (OnClassCondition)

   CouchbaseCacheConfiguration:
      Did not match:
         - @ConditionalOnClass did not find required class 'com.couchbase.client.java.Cluster' (OnClassCondition)

   CouchbaseDataAutoConfiguration:
      Did not match:
         - @ConditionalOnClass did not find required class 'com.couchbase.client.java.Bucket' (OnClassCondition)

   CouchbaseReactiveDataAutoConfiguration:
      Did not match:
         - @ConditionalOnClass did not find required class 'com.couchbase.client.java.Cluster' (OnClassCondition)

   CouchbaseReactiveRepositoriesAutoConfiguration:
      Did not match:
         - @ConditionalOnClass did not find required class 'com.couchbase.client.java.Cluster' (OnClassCondition)

   CouchbaseRepositoriesAutoConfiguration:
      Did not match:
         - @ConditionalOnClass did not find required class 'com.couchbase.client.java.Bucket' (OnClassCondition)

   DataSourceAutoConfiguration.EmbeddedDatabaseConfiguration:
      Did not match:
         - EmbeddedDataSource spring.datasource.url is set (DataSourceAutoConfiguration.EmbeddedDatabaseCondition)

   DataSourceCheckpointRestoreConfiguration:
      Did not match:
         - @ConditionalOnClass did not find required class 'org.crac.Resource' (OnClassCondition)

   DataSourceConfiguration.Dbcp2:
      Did not match:
         - @ConditionalOnClass did not find required class 'org.apache.commons.dbcp2.BasicDataSource' (OnClassCondition)

   DataSourceConfiguration.Generic:
      Did not match:
         - @ConditionalOnProperty (spring.datasource.type) did not find property 'spring.datasource.type' (OnPropertyCondition)

   DataSourceConfiguration.OracleUcp:
      Did not match:
         - @ConditionalOnClass did not find required classes 'oracle.ucp.jdbc.PoolDataSourceImpl', 'oracle.jdbc.OracleConnection' (OnClassCondition)

   DataSourceConfiguration.Tomcat:
      Did not match:
         - @ConditionalOnClass did not find required class 'org.apache.tomcat.jdbc.pool.DataSource' (OnClassCondition)

   DataSourceJmxConfiguration.TomcatDataSourceJmxConfiguration:
      Did not match:
         - @ConditionalOnClass did not find required class 'org.apache.tomcat.jdbc.pool.DataSourceProxy' (OnClassCondition)

   DataSourcePoolMetadataProvidersConfiguration.CommonsDbcp2PoolDataSourceMetadataProviderConfiguration:
      Did not match:
         - @ConditionalOnClass did not find required class 'org.apache.commons.dbcp2.BasicDataSource' (OnClassCondition)

   DataSourcePoolMetadataProvidersConfiguration.OracleUcpPoolDataSourceMetadataProviderConfiguration:
      Did not match:
         - @ConditionalOnClass did not find required classes 'oracle.ucp.jdbc.PoolDataSource', 'oracle.jdbc.OracleConnection' (OnClassCondition)

   DataSourcePoolMetadataProvidersConfiguration.TomcatDataSourcePoolMetadataProviderConfiguration:
      Did not match:
         - @ConditionalOnClass did not find required class 'org.apache.tomcat.jdbc.pool.DataSource' (OnClassCondition)

   DataSourceTransactionManagerAutoConfiguration.JdbcTransactionManagerConfiguration#transactionManager:
      Did not match:
         - @ConditionalOnMissingBean (types: org.springframework.transaction.TransactionManager; SearchStrategy: all) found beans of type 'org.springframework.transaction.TransactionManager' transactionManager (OnBeanCondition)

   DispatcherServletAutoConfiguration.DispatcherServletConfiguration#multipartResolver:
      Did not match:
         - @ConditionalOnBean (types: org.springframework.web.multipart.MultipartResolver; SearchStrategy: all) did not find any beans of type org.springframework.web.multipart.MultipartResolver (OnBeanCondition)

   ElasticsearchClientAutoConfiguration:
      Did not match:
         - @ConditionalOnClass did not find required class 'co.elastic.clients.elasticsearch.ElasticsearchClient' (OnClassCondition)

   ElasticsearchDataAutoConfiguration:
      Did not match:
         - @ConditionalOnClass did not find required class 'org.springframework.data.elasticsearch.client.elc.ElasticsearchTemplate' (OnClassCondition)

   ElasticsearchRepositoriesAutoConfiguration:
      Did not match:
         - @ConditionalOnClass did not find required class 'org.springframework.data.elasticsearch.repository.ElasticsearchRepository' (OnClassCondition)

   ElasticsearchRestClientAutoConfiguration:
      Did not match:
         - @ConditionalOnClass did not find required class 'org.elasticsearch.client.RestClientBuilder' (OnClassCondition)

   EmbeddedLdapAutoConfiguration:
      Did not match:
         - @ConditionalOnClass did not find required class 'com.unboundid.ldap.listener.InMemoryDirectoryServer' (OnClassCondition)

   EmbeddedWebServerFactoryCustomizerAutoConfiguration.JettyWebServerFactoryCustomizerConfiguration:
      Did not match:
         - @ConditionalOnClass did not find required classes 'org.eclipse.jetty.server.Server', 'org.eclipse.jetty.util.Loader', 'org.eclipse.jetty.ee10.webapp.WebAppContext' (OnClassCondition)

   EmbeddedWebServerFactoryCustomizerAutoConfiguration.NettyWebServerFactoryCustomizerConfiguration:
      Did not match:
         - @ConditionalOnClass did not find required class 'reactor.netty.http.server.HttpServer' (OnClassCondition)

   EmbeddedWebServerFactoryCustomizerAutoConfiguration.TomcatWebServerFactoryCustomizerConfiguration#tomcatVirtualThreadsProtocolHandlerCustomizer:
      Did not match:
         - @ConditionalOnThreading did not find VIRTUAL (OnThreadingCondition)

   EmbeddedWebServerFactoryCustomizerAutoConfiguration.UndertowWebServerFactoryCustomizerConfiguration:
      Did not match:
         - @ConditionalOnClass did not find required classes 'io.undertow.Undertow', 'org.xnio.SslClientAuthMode' (OnClassCondition)

   ErrorWebFluxAutoConfiguration:
      Did not match:
         - @ConditionalOnClass did not find required class 'org.springframework.web.reactive.config.WebFluxConfigurer' (OnClassCondition)

   FlywayAutoConfiguration.FlywayConfiguration#oracleFlywayConfigurationCustomizer:
      Did not match:
         - @ConditionalOnClass did not find required class 'org.flywaydb.database.oracle.OracleConfigurationExtension' (OnClassCondition)

   FlywayAutoConfiguration.FlywayConfiguration#sqlServerFlywayConfigurationCustomizer:
      Did not match:
         - @ConditionalOnClass did not find required class 'org.flywaydb.database.sqlserver.SQLServerConfigurationExtension' (OnClassCondition)

   FreeMarkerAutoConfiguration:
      Did not match:
         - @ConditionalOnClass did not find required class 'freemarker.template.Configuration' (OnClassCondition)

   GraphQlAutoConfiguration:
      Did not match:
         - @ConditionalOnClass did not find required class 'graphql.GraphQL' (OnClassCondition)

   GraphQlQueryByExampleAutoConfiguration:
      Did not match:
         - @ConditionalOnClass did not find required class 'graphql.GraphQL' (OnClassCondition)

   GraphQlQuerydslAutoConfiguration:
      Did not match:
         - @ConditionalOnClass did not find required class 'com.querydsl.core.Query' (OnClassCondition)

   GraphQlRSocketAutoConfiguration:
      Did not match:
         - @ConditionalOnClass did not find required class 'graphql.GraphQL' (OnClassCondition)

   GraphQlReactiveQueryByExampleAutoConfiguration:
      Did not match:
         - @ConditionalOnClass did not find required class 'graphql.GraphQL' (OnClassCondition)

   GraphQlReactiveQuerydslAutoConfiguration:
      Did not match:
         - @ConditionalOnClass did not find required class 'com.querydsl.core.Query' (OnClassCondition)

   GraphQlWebFluxAutoConfiguration:
      Did not match:
         - @ConditionalOnClass did not find required class 'graphql.GraphQL' (OnClassCondition)

   GraphQlWebFluxSecurityAutoConfiguration:
      Did not match:
         - @ConditionalOnClass did not find required class 'graphql.GraphQL' (OnClassCondition)

   GraphQlWebMvcAutoConfiguration:
      Did not match:
         - @ConditionalOnClass did not find required class 'graphql.GraphQL' (OnClassCondition)

   GraphQlWebMvcSecurityAutoConfiguration:
      Did not match:
         - @ConditionalOnClass did not find required class 'graphql.GraphQL' (OnClassCondition)

   GroovyTemplateAutoConfiguration:
      Did not match:
         - @ConditionalOnClass did not find required class 'groovy.text.markup.MarkupTemplateEngine' (OnClassCondition)

   GsonHttpMessageConvertersConfiguration.GsonHttpMessageConverterConfiguration:
      Did not match:
         - AnyNestedCondition 0 matched 2 did not; NestedCondition on GsonHttpMessageConvertersConfiguration.PreferGsonOrJacksonAndJsonbUnavailableCondition.JacksonJsonbUnavailable NoneNestedConditions 1 matched 1 did not; NestedCondition on GsonHttpMessageConvertersConfiguration.JacksonAndJsonbUnavailableCondition.JsonbPreferred @ConditionalOnProperty (spring.mvc.converters.preferred-json-mapper=jsonb) did not find property 'spring.mvc.converters.preferred-json-mapper'; NestedCondition on GsonHttpMessageConvertersConfiguration.JacksonAndJsonbUnavailableCondition.JacksonAvailable @ConditionalOnBean (types: org.springframework.http.converter.json.MappingJackson2HttpMessageConverter; SearchStrategy: all) found bean 'mappingJackson2HttpMessageConverter'; NestedCondition on GsonHttpMessageConvertersConfiguration.PreferGsonOrJacksonAndJsonbUnavailableCondition.GsonPreferred @ConditionalOnProperty (spring.mvc.converters.preferred-json-mapper=gson) did not find property 'spring.mvc.converters.preferred-json-mapper' (GsonHttpMessageConvertersConfiguration.PreferGsonOrJacksonAndJsonbUnavailableCondition)

   H2ConsoleAutoConfiguration:
      Did not match:
         - @ConditionalOnClass did not find required class 'org.h2.server.web.JakartaWebServlet' (OnClassCondition)

   HazelcastAutoConfiguration:
      Did not match:
         - @ConditionalOnClass did not find required class 'com.hazelcast.core.HazelcastInstance' (OnClassCondition)

   HazelcastCacheConfiguration:
      Did not match:
         - @ConditionalOnClass did not find required class 'com.hazelcast.core.HazelcastInstance' (OnClassCondition)

   HazelcastJpaDependencyAutoConfiguration:
      Did not match:
         - @ConditionalOnClass did not find required class 'com.hazelcast.core.HazelcastInstance' (OnClassCondition)

   HttpHandlerAutoConfiguration:
      Did not match:
         - @ConditionalOnClass did not find required class 'org.springframework.web.reactive.DispatcherHandler' (OnClassCondition)

   HypermediaAutoConfiguration:
      Did not match:
         - @ConditionalOnClass did not find required class 'org.springframework.hateoas.EntityModel' (OnClassCondition)

   InfinispanCacheConfiguration:
      Did not match:
         - @ConditionalOnClass did not find required class 'org.infinispan.spring.embedded.provider.SpringEmbeddedCacheManager' (OnClassCondition)

   InfluxDbAutoConfiguration:
      Did not match:
         - @ConditionalOnClass did not find required class 'org.influxdb.InfluxDB' (OnClassCondition)

   IntegrationAutoConfiguration:
      Did not match:
         - @ConditionalOnClass did not find required class 'org.springframework.integration.config.EnableIntegration' (OnClassCondition)

   JCacheCacheConfiguration:
      Did not match:
         - @ConditionalOnClass did not find required class 'javax.cache.Caching' (OnClassCondition)

   JacksonHttpMessageConvertersConfiguration.MappingJackson2XmlHttpMessageConverterConfiguration:
      Did not match:
         - @ConditionalOnClass did not find required class 'com.fasterxml.jackson.dataformat.xml.XmlMapper' (OnClassCondition)

   JdbcRepositoriesAutoConfiguration:
      Did not match:
         - @ConditionalOnClass did not find required class 'org.springframework.data.jdbc.repository.config.AbstractJdbcConfiguration' (OnClassCondition)

   JerseyAutoConfiguration:
      Did not match:
         - @ConditionalOnClass did not find required class 'org.glassfish.jersey.server.spring.SpringComponentProvider' (OnClassCondition)

   JmsAutoConfiguration:
      Did not match:
         - @ConditionalOnClass did not find required class 'jakarta.jms.Message' (OnClassCondition)

   JmxAutoConfiguration:
      Did not match:
         - @ConditionalOnProperty (spring.jmx.enabled=true) did not find property 'enabled' (OnPropertyCondition)
      Matched:
         - @ConditionalOnClass found required class 'org.springframework.jmx.export.MBeanExporter' (OnClassCondition)

   JndiConnectionFactoryAutoConfiguration:
      Did not match:
         - @ConditionalOnClass did not find required class 'org.springframework.jms.core.JmsTemplate' (OnClassCondition)

   JndiDataSourceAutoConfiguration:
      Did not match:
         - @ConditionalOnProperty (spring.datasource.jndi-name) did not find property 'jndi-name' (OnPropertyCondition)
      Matched:
         - @ConditionalOnClass found required classes 'javax.sql.DataSource', 'org.springframework.jdbc.datasource.embedded.EmbeddedDatabaseType' (OnClassCondition)

   JndiJtaConfiguration:
      Did not match:
         - @ConditionalOnJndi JNDI environment is not available (OnJndiCondition)
      Matched:
         - @ConditionalOnClass found required class 'org.springframework.transaction.jta.JtaTransactionManager' (OnClassCondition)

   JooqAutoConfiguration:
      Did not match:
         - @ConditionalOnClass did not find required class 'org.jooq.DSLContext' (OnClassCondition)

   JpaRepositoriesAutoConfiguration#entityManagerFactoryBootstrapExecutorCustomizer:
      Did not match:
         - AnyNestedCondition 0 matched 2 did not; NestedCondition on JpaRepositoriesAutoConfiguration.BootstrapExecutorCondition.LazyBootstrapMode @ConditionalOnProperty (spring.data.jpa.repositories.bootstrap-mode=lazy) did not find property 'bootstrap-mode'; NestedCondition on JpaRepositoriesAutoConfiguration.BootstrapExecutorCondition.DeferredBootstrapMode @ConditionalOnProperty (spring.data.jpa.repositories.bootstrap-mode=deferred) did not find property 'bootstrap-mode' (JpaRepositoriesAutoConfiguration.BootstrapExecutorCondition)

   JsonbAutoConfiguration:
      Did not match:
         - @ConditionalOnClass did not find required class 'jakarta.json.bind.Jsonb' (OnClassCondition)

   JsonbHttpMessageConvertersConfiguration:
      Did not match:
         - @ConditionalOnClass did not find required class 'jakarta.json.bind.Jsonb' (OnClassCondition)

   KafkaAutoConfiguration:
      Did not match:
         - @ConditionalOnClass did not find required class 'org.springframework.kafka.core.KafkaTemplate' (OnClassCondition)

   LdapAutoConfiguration:
      Did not match:
         - @ConditionalOnClass did not find required class 'org.springframework.ldap.core.ContextSource' (OnClassCondition)

   LdapRepositoriesAutoConfiguration:
      Did not match:
         - @ConditionalOnClass did not find required class 'org.springframework.data.ldap.repository.LdapRepository' (OnClassCondition)

   LiquibaseAutoConfiguration:
      Did not match:
         - @ConditionalOnClass did not find required class 'liquibase.change.DatabaseChange' (OnClassCondition)

   MailSenderAutoConfiguration:
      Did not match:
         - AnyNestedCondition 0 matched 2 did not; NestedCondition on MailSenderAutoConfiguration.MailSenderCondition.JndiNameProperty @ConditionalOnProperty (spring.mail.jndi-name) did not find property 'jndi-name'; NestedCondition on MailSenderAutoConfiguration.MailSenderCondition.HostProperty @ConditionalOnProperty (spring.mail.host) did not find property 'host' (MailSenderAutoConfiguration.MailSenderCondition)
      Matched:
         - @ConditionalOnClass found required classes 'jakarta.mail.internet.MimeMessage', 'jakarta.activation.MimeType', 'org.springframework.mail.MailSender' (OnClassCondition)

   MailSenderValidatorAutoConfiguration:
      Did not match:
         - @ConditionalOnProperty (spring.mail.test-connection) did not find property 'test-connection' (OnPropertyCondition)

   MessageSourceAutoConfiguration:
      Did not match:
         - ResourceBundle did not find bundle with basename messages (MessageSourceAutoConfiguration.ResourceBundleCondition)

   MongoAutoConfiguration:
      Did not match:
         - @ConditionalOnClass did not find required class 'com.mongodb.client.MongoClient' (OnClassCondition)

   MongoDataAutoConfiguration:
      Did not match:
         - @ConditionalOnClass did not find required class 'com.mongodb.client.MongoClient' (OnClassCondition)

   MongoReactiveAutoConfiguration:
      Did not match:
         - @ConditionalOnClass did not find required class 'com.mongodb.reactivestreams.client.MongoClient' (OnClassCondition)

   MongoReactiveDataAutoConfiguration:
      Did not match:
         - @ConditionalOnClass did not find required class 'com.mongodb.reactivestreams.client.MongoClient' (OnClassCondition)

   MongoReactiveRepositoriesAutoConfiguration:
      Did not match:
         - @ConditionalOnClass did not find required class 'com.mongodb.reactivestreams.client.MongoClient' (OnClassCondition)

   MongoRepositoriesAutoConfiguration:
      Did not match:
         - @ConditionalOnClass did not find required class 'com.mongodb.client.MongoClient' (OnClassCondition)

   MustacheAutoConfiguration:
      Did not match:
         - @ConditionalOnClass did not find required class 'com.samskivert.mustache.Mustache' (OnClassCondition)

   Neo4jAutoConfiguration:
      Did not match:
         - @ConditionalOnClass did not find required class 'org.neo4j.driver.Driver' (OnClassCondition)

   Neo4jDataAutoConfiguration:
      Did not match:
         - @ConditionalOnClass did not find required class 'org.neo4j.driver.Driver' (OnClassCondition)

   Neo4jReactiveDataAutoConfiguration:
      Did not match:
         - @ConditionalOnClass did not find required class 'org.neo4j.driver.Driver' (OnClassCondition)

   Neo4jReactiveRepositoriesAutoConfiguration:
      Did not match:
         - @ConditionalOnClass did not find required class 'org.neo4j.driver.Driver' (OnClassCondition)

   Neo4jRepositoriesAutoConfiguration:
      Did not match:
         - @ConditionalOnClass did not find required class 'org.neo4j.driver.Driver' (OnClassCondition)

   NettyAutoConfiguration:
      Did not match:
         - @ConditionalOnClass did not find required class 'io.netty.util.NettyRuntime' (OnClassCondition)

   OAuth2AuthorizationServerAutoConfiguration:
      Did not match:
         - @ConditionalOnClass did not find required class 'org.springframework.security.oauth2.server.authorization.OAuth2Authorization' (OnClassCondition)

   OAuth2AuthorizationServerJwtAutoConfiguration:
      Did not match:
         - @ConditionalOnClass did not find required class 'org.springframework.security.oauth2.server.authorization.OAuth2Authorization' (OnClassCondition)

   OAuth2ClientAutoConfiguration:
      Did not match:
         - @ConditionalOnClass did not find required class 'org.springframework.security.oauth2.client.registration.ClientRegistration' (OnClassCondition)

   OAuth2ResourceServerAutoConfiguration:
      Did not match:
         - @ConditionalOnClass did not find required class 'org.springframework.security.oauth2.server.resource.authentication.BearerTokenAuthenticationToken' (OnClassCondition)

   ProjectInfoAutoConfiguration#buildProperties:
      Did not match:
         - @ConditionalOnResource did not find resource '${spring.info.build.location:classpath:META-INF/build-info.properties}' (OnResourceCondition)

   ProjectInfoAutoConfiguration#gitProperties:
      Did not match:
         - GitResource did not find git info at classpath:git.properties (ProjectInfoAutoConfiguration.GitResourceAvailableCondition)

   PulsarAutoConfiguration:
      Did not match:
         - @ConditionalOnClass did not find required class 'org.apache.pulsar.client.api.PulsarClient' (OnClassCondition)

   PulsarReactiveAutoConfiguration:
      Did not match:
         - @ConditionalOnClass did not find required class 'org.apache.pulsar.client.api.PulsarClient' (OnClassCondition)

   QuartzAutoConfiguration:
      Did not match:
         - @ConditionalOnClass did not find required class 'org.quartz.Scheduler' (OnClassCondition)

   R2dbcAutoConfiguration:
      Did not match:
         - @ConditionalOnClass did not find required class 'io.r2dbc.spi.ConnectionFactory' (OnClassCondition)

   R2dbcDataAutoConfiguration:
      Did not match:
         - @ConditionalOnClass did not find required class 'org.springframework.data.r2dbc.core.R2dbcEntityTemplate' (OnClassCondition)

   R2dbcInitializationConfiguration:
      Did not match:
         - @ConditionalOnClass did not find required classes 'io.r2dbc.spi.ConnectionFactory', 'org.springframework.r2dbc.connection.init.DatabasePopulator' (OnClassCondition)

   R2dbcRepositoriesAutoConfiguration:
      Did not match:
         - @ConditionalOnClass did not find required class 'io.r2dbc.spi.ConnectionFactory' (OnClassCondition)

   R2dbcTransactionManagerAutoConfiguration:
      Did not match:
         - @ConditionalOnClass did not find required class 'org.springframework.r2dbc.connection.R2dbcTransactionManager' (OnClassCondition)

   RSocketGraphQlClientAutoConfiguration:
      Did not match:
         - @ConditionalOnClass did not find required class 'graphql.GraphQL' (OnClassCondition)

   RSocketMessagingAutoConfiguration:
      Did not match:
         - @ConditionalOnClass did not find required class 'io.rsocket.RSocket' (OnClassCondition)

   RSocketRequesterAutoConfiguration:
      Did not match:
         - @ConditionalOnClass did not find required class 'io.rsocket.RSocket' (OnClassCondition)

   RSocketSecurityAutoConfiguration:
      Did not match:
         - @ConditionalOnClass did not find required class 'org.springframework.security.rsocket.core.SecuritySocketAcceptorInterceptor' (OnClassCondition)

   RSocketServerAutoConfiguration:
      Did not match:
         - @ConditionalOnClass did not find required class 'io.rsocket.core.RSocketServer' (OnClassCondition)

   RSocketStrategiesAutoConfiguration:
      Did not match:
         - @ConditionalOnClass did not find required class 'io.netty.buffer.PooledByteBufAllocator' (OnClassCondition)

   RabbitAutoConfiguration:
      Did not match:
         - @ConditionalOnClass did not find required class 'com.rabbitmq.client.Channel' (OnClassCondition)

   ReactiveElasticsearchClientAutoConfiguration:
      Did not match:
         - @ConditionalOnClass did not find required class 'co.elastic.clients.transport.ElasticsearchTransport' (OnClassCondition)

   ReactiveElasticsearchRepositoriesAutoConfiguration:
      Did not match:
         - @ConditionalOnClass did not find required class 'org.springframework.data.elasticsearch.client.elc.ReactiveElasticsearchClient' (OnClassCondition)

   ReactiveMultipartAutoConfiguration:
      Did not match:
         - @ConditionalOnClass did not find required class 'org.springframework.web.reactive.config.WebFluxConfigurer' (OnClassCondition)

   ReactiveOAuth2ClientAutoConfiguration:
      Did not match:
         - @ConditionalOnClass did not find required class 'reactor.core.publisher.Flux' (OnClassCondition)

   ReactiveOAuth2ResourceServerAutoConfiguration:
      Did not match:
         - @ConditionalOnWebApplication did not find reactive web application classes (OnWebApplicationCondition)

   ReactiveSecurityAutoConfiguration:
      Did not match:
         - @ConditionalOnClass did not find required class 'reactor.core.publisher.Flux' (OnClassCondition)

   ReactiveUserDetailsServiceAutoConfiguration:
      Did not match:
         - AnyNestedCondition 0 matched 2 did not; NestedCondition on ReactiveUserDetailsServiceAutoConfiguration.RSocketEnabledOrReactiveWebApplication.ReactiveWebApplicationCondition did not find reactive web application classes; NestedCondition on ReactiveUserDetailsServiceAutoConfiguration.RSocketEnabledOrReactiveWebApplication.RSocketSecurityEnabledCondition @ConditionalOnBean (types: org.springframework.messaging.rsocket.annotation.support.RSocketMessageHandler; SearchStrategy: all) did not find any beans of type org.springframework.messaging.rsocket.annotation.support.RSocketMessageHandler (ReactiveUserDetailsServiceAutoConfiguration.RSocketEnabledOrReactiveWebApplication)
      Matched:
         - @ConditionalOnClass found required class 'org.springframework.security.authentication.ReactiveAuthenticationManager' (OnClassCondition)
         - AnyNestedCondition 1 matched 2 did not; NestedCondition on ReactiveUserDetailsServiceAutoConfiguration.MissingAlternativeOrUserPropertiesConfigured.PasswordConfigured @ConditionalOnProperty (spring.security.user.password) did not find property 'password'; NestedCondition on ReactiveUserDetailsServiceAutoConfiguration.MissingAlternativeOrUserPropertiesConfigured.NameConfigured @ConditionalOnProperty (spring.security.user.name) did not find property 'name'; NestedCondition on ReactiveUserDetailsServiceAutoConfiguration.MissingAlternativeOrUserPropertiesConfigured.MissingAlternative @ConditionalOnMissingClass did not find unwanted classes 'org.springframework.security.oauth2.client.registration.ClientRegistrationRepository', 'org.springframework.security.oauth2.server.resource.introspection.ReactiveOpaqueTokenIntrospector' (ReactiveUserDetailsServiceAutoConfiguration.MissingAlternativeOrUserPropertiesConfigured)

   ReactiveWebServerFactoryAutoConfiguration:
      Did not match:
         - @ConditionalOnWebApplication did not find reactive web application classes (OnWebApplicationCondition)

   ReactorAutoConfiguration:
      Did not match:
         - @ConditionalOnClass did not find required class 'reactor.core.publisher.Hooks' (OnClassCondition)

   RedisAutoConfiguration:
      Did not match:
         - @ConditionalOnClass did not find required class 'org.springframework.data.redis.core.RedisOperations' (OnClassCondition)

   RedisCacheConfiguration:
      Did not match:
         - @ConditionalOnClass did not find required class 'org.springframework.data.redis.connection.RedisConnectionFactory' (OnClassCondition)

   RedisReactiveAutoConfiguration:
      Did not match:
         - @ConditionalOnClass did not find required class 'reactor.core.publisher.Flux' (OnClassCondition)

   RedisRepositoriesAutoConfiguration:
      Did not match:
         - @ConditionalOnClass did not find required class 'org.springframework.data.redis.repository.configuration.EnableRedisRepositories' (OnClassCondition)

   RepositoryRestMvcAutoConfiguration:
      Did not match:
         - @ConditionalOnClass did not find required class 'org.springframework.data.rest.webmvc.config.RepositoryRestMvcConfiguration' (OnClassCondition)

   Saml2RelyingPartyAutoConfiguration:
      Did not match:
         - @ConditionalOnClass did not find required class 'org.springframework.security.saml2.provider.service.registration.RelyingPartyRegistrationRepository' (OnClassCondition)

   SecurityDataConfiguration:
      Did not match:
         - @ConditionalOnClass did not find required class 'org.springframework.security.data.repository.query.SecurityEvaluationContextExtension' (OnClassCondition)

   SendGridAutoConfiguration:
      Did not match:
         - @ConditionalOnClass did not find required class 'com.sendgrid.SendGrid' (OnClassCondition)

   ServletWebServerFactoryAutoConfiguration.ForwardedHeaderFilterConfiguration:
      Did not match:
         - @ConditionalOnProperty (server.forward-headers-strategy=framework) did not find property 'server.forward-headers-strategy' (OnPropertyCondition)

   ServletWebServerFactoryConfiguration.EmbeddedJetty:
      Did not match:
         - @ConditionalOnClass did not find required classes 'org.eclipse.jetty.server.Server', 'org.eclipse.jetty.util.Loader', 'org.eclipse.jetty.ee10.webapp.WebAppContext' (OnClassCondition)

   ServletWebServerFactoryConfiguration.EmbeddedUndertow:
      Did not match:
         - @ConditionalOnClass did not find required classes 'io.undertow.Undertow', 'org.xnio.SslClientAuthMode' (OnClassCondition)

   SessionAutoConfiguration:
      Did not match:
         - @ConditionalOnClass did not find required class 'org.springframework.session.Session' (OnClassCondition)

   SpringApplicationAdminJmxAutoConfiguration:
      Did not match:
         - @ConditionalOnProperty (spring.application.admin.enabled=true) did not find property 'enabled' (OnPropertyCondition)

   SpringBootWebSecurityConfiguration.SecurityFilterChainConfiguration:
      Did not match:
         - AllNestedConditions 1 matched 1 did not; NestedCondition on DefaultWebSecurityCondition.Beans @ConditionalOnMissingBean (types: org.springframework.security.web.SecurityFilterChain; SearchStrategy: all) found beans of type 'org.springframework.security.web.SecurityFilterChain' filterChain; NestedCondition on DefaultWebSecurityCondition.Classes @ConditionalOnClass found required classes 'org.springframework.security.web.SecurityFilterChain', 'org.springframework.security.config.annotation.web.builders.HttpSecurity' (DefaultWebSecurityCondition)

   TaskExecutorConfigurations.SimpleAsyncTaskExecutorBuilderConfiguration#simpleAsyncTaskExecutorBuilderVirtualThreads:
      Did not match:
         - @ConditionalOnMissingBean (types: org.springframework.boot.task.SimpleAsyncTaskExecutorBuilder; SearchStrategy: all) found beans of type 'org.springframework.boot.task.SimpleAsyncTaskExecutorBuilder' simpleAsyncTaskExecutorBuilder (OnBeanCondition)

   TaskExecutorConfigurations.TaskExecutorConfiguration#applicationTaskExecutorVirtualThreads:
      Did not match:
         - @ConditionalOnThreading did not find VIRTUAL (OnThreadingCondition)

   TaskSchedulingAutoConfiguration#scheduledBeanLazyInitializationExcludeFilter:
      Did not match:
         - @ConditionalOnBean (names: org.springframework.context.annotation.internalScheduledAnnotationProcessor; SearchStrategy: all) did not find any beans named org.springframework.context.annotation.internalScheduledAnnotationProcessor (OnBeanCondition)

   TaskSchedulingConfigurations.SimpleAsyncTaskSchedulerBuilderConfiguration#simpleAsyncTaskSchedulerBuilderVirtualThreads:
      Did not match:
         - @ConditionalOnMissingBean (types: org.springframework.boot.task.SimpleAsyncTaskSchedulerBuilder; SearchStrategy: all) found beans of type 'org.springframework.boot.task.SimpleAsyncTaskSchedulerBuilder' simpleAsyncTaskSchedulerBuilder (OnBeanCondition)

   TaskSchedulingConfigurations.TaskSchedulerConfiguration:
      Did not match:
         - @ConditionalOnBean (names: org.springframework.context.annotation.internalScheduledAnnotationProcessor; SearchStrategy: all) did not find any beans named org.springframework.context.annotation.internalScheduledAnnotationProcessor (OnBeanCondition)

   ThymeleafAutoConfiguration:
      Did not match:
         - @ConditionalOnClass did not find required class 'org.thymeleaf.spring6.SpringTemplateEngine' (OnClassCondition)

   TransactionAutoConfiguration#transactionalOperator:
      Did not match:
         - @ConditionalOnSingleCandidate (types: org.springframework.transaction.ReactiveTransactionManager; SearchStrategy: all) did not find any beans (OnBeanCondition)

   TransactionAutoConfiguration.AspectJTransactionManagementConfiguration:
      Did not match:
         - @ConditionalOnBean (types: org.springframework.transaction.aspectj.AbstractTransactionAspect; SearchStrategy: all) did not find any beans of type org.springframework.transaction.aspectj.AbstractTransactionAspect (OnBeanCondition)

   TransactionAutoConfiguration.EnableTransactionManagementConfiguration.JdkDynamicAutoProxyConfiguration:
      Did not match:
         - @ConditionalOnProperty (spring.aop.proxy-target-class=false) did not find property 'proxy-target-class' (OnPropertyCondition)

   UserDetailsServiceAutoConfiguration:
      Did not match:
         - @ConditionalOnMissingBean (types: org.springframework.security.authentication.AuthenticationManager,org.springframework.security.authentication.AuthenticationProvider,org.springframework.security.core.userdetails.UserDetailsService,org.springframework.security.authentication.AuthenticationManagerResolver,org.springframework.security.oauth2.jwt.JwtDecoder; SearchStrategy: all) found beans of type 'org.springframework.security.authentication.AuthenticationManager' authenticationManager and found beans of type 'org.springframework.security.core.userdetails.UserDetailsService' customUserDetailsService (OnBeanCondition)
      Matched:
         - @ConditionalOnClass found required class 'org.springframework.security.authentication.AuthenticationManager' (OnClassCondition)
         - AnyNestedCondition 1 matched 2 did not; NestedCondition on UserDetailsServiceAutoConfiguration.MissingAlternativeOrUserPropertiesConfigured.PasswordConfigured @ConditionalOnProperty (spring.security.user.password) did not find property 'password'; NestedCondition on UserDetailsServiceAutoConfiguration.MissingAlternativeOrUserPropertiesConfigured.NameConfigured @ConditionalOnProperty (spring.security.user.name) did not find property 'name'; NestedCondition on UserDetailsServiceAutoConfiguration.MissingAlternativeOrUserPropertiesConfigured.MissingAlternative @ConditionalOnMissingClass did not find unwanted classes 'org.springframework.security.oauth2.client.registration.ClientRegistrationRepository', 'org.springframework.security.oauth2.server.resource.introspection.OpaqueTokenIntrospector', 'org.springframework.security.saml2.provider.service.registration.RelyingPartyRegistrationRepository' (UserDetailsServiceAutoConfiguration.MissingAlternativeOrUserPropertiesConfigured)

   WebClientAutoConfiguration:
      Did not match:
         - @ConditionalOnClass did not find required class 'org.springframework.web.reactive.function.client.WebClient' (OnClassCondition)

   WebFluxAutoConfiguration:
      Did not match:
         - @ConditionalOnClass did not find required class 'org.springframework.web.reactive.config.WebFluxConfigurer' (OnClassCondition)

   WebMvcAutoConfiguration#hiddenHttpMethodFilter:
      Did not match:
         - @ConditionalOnProperty (spring.mvc.hiddenmethod.filter.enabled) did not find property 'enabled' (OnPropertyCondition)

   WebMvcAutoConfiguration.ProblemDetailsErrorHandlingConfiguration:
      Did not match:
         - @ConditionalOnProperty (spring.mvc.problemdetails.enabled=true) did not find property 'enabled' (OnPropertyCondition)

   WebMvcAutoConfiguration.ResourceChainCustomizerConfiguration:
      Did not match:
         - @ConditionalOnEnabledResourceChain did not find class org.webjars.WebJarAssetLocator (OnEnabledResourceChainCondition)

   WebMvcAutoConfiguration.WebMvcAutoConfigurationAdapter#beanNameViewResolver:
      Did not match:
         - @ConditionalOnMissingBean (types: org.springframework.web.servlet.view.BeanNameViewResolver; SearchStrategy: all) found beans of type 'org.springframework.web.servlet.view.BeanNameViewResolver' beanNameViewResolver (OnBeanCondition)

   WebServiceTemplateAutoConfiguration:
      Did not match:
         - @ConditionalOnClass did not find required class 'org.springframework.oxm.Marshaller' (OnClassCondition)

   WebServicesAutoConfiguration:
      Did not match:
         - @ConditionalOnClass did not find required class 'org.springframework.ws.transport.http.MessageDispatcherServlet' (OnClassCondition)

   WebSessionIdResolverAutoConfiguration:
      Did not match:
         - @ConditionalOnClass did not find required class 'reactor.core.publisher.Mono' (OnClassCondition)

   WebSocketMessagingAutoConfiguration:
      Did not match:
         - @ConditionalOnClass did not find required class 'org.springframework.web.socket.config.annotation.WebSocketMessageBrokerConfigurer' (OnClassCondition)

   WebSocketReactiveAutoConfiguration:
      Did not match:
         - @ConditionalOnWebApplication did not find reactive web application classes (OnWebApplicationCondition)

   WebSocketServletAutoConfiguration.JettyWebSocketConfiguration:
      Did not match:
         - @ConditionalOnClass did not find required class 'org.eclipse.jetty.ee10.websocket.jakarta.server.config.JakartaWebSocketServletContainerInitializer' (OnClassCondition)

   WebSocketServletAutoConfiguration.UndertowWebSocketConfiguration:
      Did not match:
         - @ConditionalOnClass did not find required class 'io.undertow.websockets.jsr.Bootstrap' (OnClassCondition)

   XADataSourceAutoConfiguration:
      Did not match:
         - @ConditionalOnBean (types: org.springframework.boot.jdbc.XADataSourceWrapper; SearchStrategy: all) did not find any beans of type org.springframework.boot.jdbc.XADataSourceWrapper (OnBeanCondition)
      Matched:
         - @ConditionalOnClass found required classes 'javax.sql.DataSource', 'jakarta.transaction.TransactionManager', 'org.springframework.jdbc.datasource.embedded.EmbeddedDatabaseType' (OnClassCondition)


Exclusions:
-----------

    None


Unconditional classes:
----------------------

    org.springframework.boot.autoconfigure.context.ConfigurationPropertiesAutoConfiguration

    org.springframework.boot.autoconfigure.ssl.SslAutoConfiguration

    org.springframework.boot.autoconfigure.context.LifecycleAutoConfiguration

    org.springframework.boot.autoconfigure.context.PropertyPlaceholderAutoConfiguration

    org.springframework.boot.autoconfigure.availability.ApplicationAvailabilityAutoConfiguration

    org.springframework.boot.autoconfigure.info.ProjectInfoAutoConfiguration



2026-08-09T11:58:13.234+05:30  INFO 16784 --- [finquest-backend] [           main] com.finquest.FinquestApplication         : Started FinquestApplication in 16.285 seconds (process running for 16.746)
2026-08-09T11:58:13.235+05:30 DEBUG 16784 --- [finquest-backend] [           main] o.s.b.a.ApplicationAvailabilityBean      : Application availability state LivenessState changed to CORRECT
2026-08-09T11:58:13.239+05:30 DEBUG 16784 --- [finquest-backend] [           main] o.s.b.a.ApplicationAvailabilityBean      : Application availability state ReadinessState changed to ACCEPTING_TRAFFIC
2026-08-09T12:28:02.714+05:30  INFO 16784 --- [finquest-backend] [nio-8080-exec-1] o.a.c.c.C.[Tomcat].[localhost].[/]       : Initializing Spring DispatcherServlet 'dispatcherServlet'
2026-08-09T12:28:02.734+05:30  INFO 16784 --- [finquest-backend] [nio-8080-exec-1] o.s.web.servlet.DispatcherServlet        : Initializing Servlet 'dispatcherServlet'
2026-08-09T12:28:02.737+05:30 DEBUG 16784 --- [finquest-backend] [nio-8080-exec-1] o.s.web.servlet.DispatcherServlet        : Detected StandardServletMultipartResolver
2026-08-09T12:28:02.746+05:30 DEBUG 16784 --- [finquest-backend] [nio-8080-exec-1] o.s.web.servlet.DispatcherServlet        : Detected AcceptHeaderLocaleResolver
2026-08-09T12:28:02.746+05:30 DEBUG 16784 --- [finquest-backend] [nio-8080-exec-1] o.s.web.servlet.DispatcherServlet        : Detected FixedThemeResolver
2026-08-09T12:28:02.853+05:30 DEBUG 16784 --- [finquest-backend] [nio-8080-exec-1] o.s.web.servlet.DispatcherServlet        : Detected org.springframework.web.servlet.view.DefaultRequestToViewNameTranslator@413a2520
2026-08-09T12:28:02.853+05:30 DEBUG 16784 --- [finquest-backend] [nio-8080-exec-1] o.s.web.servlet.DispatcherServlet        : Detected org.springframework.web.servlet.support.SessionFlashMapManager@598f6c93
2026-08-09T12:28:02.865+05:30 DEBUG 16784 --- [finquest-backend] [nio-8080-exec-1] o.s.web.servlet.DispatcherServlet        : enableLoggingRequestDetails='false': request parameters and headers will be masked to prevent unsafe logging of potentially sensitive data
2026-08-09T12:28:02.865+05:30  INFO 16784 --- [finquest-backend] [nio-8080-exec-1] o.s.web.servlet.DispatcherServlet        : Completed initialization in 128 ms
2026-08-09T12:30:42.607+05:30 DEBUG 16784 --- [finquest-backend] [nio-8080-exec-4] o.s.web.servlet.DispatcherServlet        : POST "/api/auth/login", parameters={}
2026-08-09T12:30:42.652+05:30 DEBUG 16784 --- [finquest-backend] [nio-8080-exec-4] s.w.s.m.m.a.RequestMappingHandlerMapping : Mapped to com.finquest.controller.AuthController#login(LoginRequest)
2026-08-09T12:30:43.220+05:30 DEBUG 16784 --- [finquest-backend] [nio-8080-exec-4] m.m.a.RequestResponseBodyMethodProcessor : Read "application/json;charset=UTF-8" to [LoginRequest(email=x@x.com, password=wrong)]
2026-08-09T12:30:43.862+05:30 DEBUG 16784 --- [finquest-backend] [nio-8080-exec-4] org.hibernate.SQL                        : 
    select
        u1_0.id,
        u1_0.coins,
        u1_0.email,
        u1_0.email_verified,
        u1_0.financial_score,
        u1_0.last_learning_date,
        u1_0.learning_streak,
        u1_0.level,
        u1_0.literacy_level,
        u1_0.name,
        u1_0.password,
        u1_0.recommendation,
        u1_0.reset_code,
        u1_0.reset_expiry,
        u1_0.risk_profile,
        u1_0.role,
        u1_0.verification_code,
        u1_0.verification_expiry,
        u1_0.xp 
    from
        users u1_0 
    where
        u1_0.email=?
Hibernate: 
    select
        u1_0.id,
        u1_0.coins,
        u1_0.email,
        u1_0.email_verified,
        u1_0.financial_score,
        u1_0.last_learning_date,
        u1_0.learning_streak,
        u1_0.level,
        u1_0.literacy_level,
        u1_0.name,
        u1_0.password,
        u1_0.recommendation,
        u1_0.reset_code,
        u1_0.reset_expiry,
        u1_0.risk_profile,
        u1_0.role,
        u1_0.verification_code,
        u1_0.verification_expiry,
        u1_0.xp 
    from
        users u1_0 
    where
        u1_0.email=?
2026-08-09T12:30:44.153+05:30 DEBUG 16784 --- [finquest-backend] [nio-8080-exec-4] .m.m.a.ExceptionHandlerExceptionResolver : Using @ExceptionHandler com.finquest.exception.GlobalExceptionHandler#handleUnauthorized(UnauthorizedException)
2026-08-09T12:30:44.256+05:30 DEBUG 16784 --- [finquest-backend] [nio-8080-exec-4] o.s.w.s.m.m.a.HttpEntityMethodProcessor  : Using 'application/json', given [*/*] and supported [application/json, application/*+json]
2026-08-09T12:30:44.280+05:30 DEBUG 16784 --- [finquest-backend] [nio-8080-exec-4] o.s.w.s.m.m.a.HttpEntityMethodProcessor  : Writing [ApiResponse(success=false, message=Invalid email or password, data=null, timestamp=2026-08-09T07:00: (truncated)...]
2026-08-09T12:30:44.330+05:30 DEBUG 16784 --- [finquest-backend] [nio-8080-exec-4] .m.m.a.ExceptionHandlerExceptionResolver : Resolved [com.finquest.exception.UnauthorizedException: Invalid email or password]
2026-08-09T12:30:44.337+05:30 DEBUG 16784 --- [finquest-backend] [nio-8080-exec-4] o.s.web.servlet.DispatcherServlet        : Completed 401 UNAUTHORIZED
2026-08-09T12:35:54.175+05:30 DEBUG 16784 --- [finquest-backend] [nio-8080-exec-5] o.s.web.servlet.DispatcherServlet        : POST "/api/auth/login", parameters={}
2026-08-09T12:35:54.183+05:30 DEBUG 16784 --- [finquest-backend] [nio-8080-exec-5] s.w.s.m.m.a.RequestMappingHandlerMapping : Mapped to com.finquest.controller.AuthController#login(LoginRequest)
2026-08-09T12:35:54.236+05:30 DEBUG 16784 --- [finquest-backend] [nio-8080-exec-5] m.m.a.RequestResponseBodyMethodProcessor : Read "application/json;charset=UTF-8" to [LoginRequest(email=test@finquest.com, password=test1234)]
2026-08-09T12:35:54.373+05:30 DEBUG 16784 --- [finquest-backend] [nio-8080-exec-5] org.hibernate.SQL                        : 
    select
        u1_0.id,
        u1_0.coins,
        u1_0.email,
        u1_0.email_verified,
        u1_0.financial_score,
        u1_0.last_learning_date,
        u1_0.learning_streak,
        u1_0.level,
        u1_0.literacy_level,
        u1_0.name,
        u1_0.password,
        u1_0.recommendation,
        u1_0.reset_code,
        u1_0.reset_expiry,
        u1_0.risk_profile,
        u1_0.role,
        u1_0.verification_code,
        u1_0.verification_expiry,
        u1_0.xp 
    from
        users u1_0 
    where
        u1_0.email=?
Hibernate: 
    select
        u1_0.id,
        u1_0.coins,
        u1_0.email,
        u1_0.email_verified,
        u1_0.financial_score,
        u1_0.last_learning_date,
        u1_0.learning_streak,
        u1_0.level,
        u1_0.literacy_level,
        u1_0.name,
        u1_0.password,
        u1_0.recommendation,
        u1_0.reset_code,
        u1_0.reset_expiry,
        u1_0.risk_profile,
        u1_0.role,
        u1_0.verification_code,
        u1_0.verification_expiry,
        u1_0.xp 
    from
        users u1_0 
    where
        u1_0.email=?
2026-08-09T12:35:54.610+05:30 DEBUG 16784 --- [finquest-backend] [nio-8080-exec-5] .m.m.a.ExceptionHandlerExceptionResolver : Using @ExceptionHandler com.finquest.exception.GlobalExceptionHandler#handleUnauthorized(UnauthorizedException)
2026-08-09T12:35:54.617+05:30 DEBUG 16784 --- [finquest-backend] [nio-8080-exec-5] o.s.w.s.m.m.a.HttpEntityMethodProcessor  : Using 'application/json', given [*/*] and supported [application/json, application/*+json]
2026-08-09T12:35:54.624+05:30 DEBUG 16784 --- [finquest-backend] [nio-8080-exec-5] o.s.w.s.m.m.a.HttpEntityMethodProcessor  : Writing [ApiResponse(success=false, message=Invalid email or password, data=null, timestamp=2026-08-09T07:05: (truncated)...]
2026-08-09T12:35:54.639+05:30 DEBUG 16784 --- [finquest-backend] [nio-8080-exec-5] .m.m.a.ExceptionHandlerExceptionResolver : Resolved [com.finquest.exception.UnauthorizedException: Invalid email or password]
2026-08-09T12:35:54.640+05:30 DEBUG 16784 --- [finquest-backend] [nio-8080-exec-5] o.s.web.servlet.DispatcherServlet        : Completed 401 UNAUTHORIZED
2026-08-09T12:36:23.191+05:30 DEBUG 16784 --- [finquest-backend] [nio-8080-exec-4] o.s.web.servlet.DispatcherServlet        : POST "/api/auth/login", parameters={}
2026-08-09T12:36:23.198+05:30 DEBUG 16784 --- [finquest-backend] [nio-8080-exec-4] s.w.s.m.m.a.RequestMappingHandlerMapping : Mapped to com.finquest.controller.AuthController#login(LoginRequest)
2026-08-09T12:36:23.198+05:30 DEBUG 16784 --- [finquest-backend] [nio-8080-exec-4] m.m.a.RequestResponseBodyMethodProcessor : Read "application/json;charset=UTF-8" to [LoginRequest(email=test@finquest.com, password=test1234)]
2026-08-09T12:36:23.208+05:30 DEBUG 16784 --- [finquest-backend] [nio-8080-exec-4] org.hibernate.SQL                        : 
    select
        u1_0.id,
        u1_0.coins,
        u1_0.email,
        u1_0.email_verified,
        u1_0.financial_score,
        u1_0.last_learning_date,
        u1_0.learning_streak,
        u1_0.level,
        u1_0.literacy_level,
        u1_0.name,
        u1_0.password,
        u1_0.recommendation,
        u1_0.reset_code,
        u1_0.reset_expiry,
        u1_0.risk_profile,
        u1_0.role,
        u1_0.verification_code,
        u1_0.verification_expiry,
        u1_0.xp 
    from
        users u1_0 
    where
        u1_0.email=?
Hibernate: 
    select
        u1_0.id,
        u1_0.coins,
        u1_0.email,
        u1_0.email_verified,
        u1_0.financial_score,
        u1_0.last_learning_date,
        u1_0.learning_streak,
        u1_0.level,
        u1_0.literacy_level,
        u1_0.name,
        u1_0.password,
        u1_0.recommendation,
        u1_0.reset_code,
        u1_0.reset_expiry,
        u1_0.risk_profile,
        u1_0.role,
        u1_0.verification_code,
        u1_0.verification_expiry,
        u1_0.xp 
    from
        users u1_0 
    where
        u1_0.email=?
2026-08-09T12:36:23.368+05:30 DEBUG 16784 --- [finquest-backend] [nio-8080-exec-4] .m.m.a.ExceptionHandlerExceptionResolver : Using @ExceptionHandler com.finquest.exception.GlobalExceptionHandler#handleUnauthorized(UnauthorizedException)
2026-08-09T12:36:23.368+05:30 DEBUG 16784 --- [finquest-backend] [nio-8080-exec-4] o.s.w.s.m.m.a.HttpEntityMethodProcessor  : Using 'application/json', given [*/*] and supported [application/json, application/*+json]
2026-08-09T12:36:23.368+05:30 DEBUG 16784 --- [finquest-backend] [nio-8080-exec-4] o.s.w.s.m.m.a.HttpEntityMethodProcessor  : Writing [ApiResponse(success=false, message=Invalid email or password, data=null, timestamp=2026-08-09T07:06: (truncated)...]
2026-08-09T12:36:23.379+05:30 DEBUG 16784 --- [finquest-backend] [nio-8080-exec-4] .m.m.a.ExceptionHandlerExceptionResolver : Resolved [com.finquest.exception.UnauthorizedException: Invalid email or password]
2026-08-09T12:36:23.379+05:30 DEBUG 16784 --- [finquest-backend] [nio-8080-exec-4] o.s.web.servlet.DispatcherServlet        : Completed 401 UNAUTHORIZED
2026-08-09T12:37:03.994+05:30 DEBUG 16784 --- [finquest-backend] [nio-8080-exec-7] o.s.web.servlet.DispatcherServlet        : POST "/api/auth/register", parameters={}
2026-08-09T12:37:03.995+05:30 DEBUG 16784 --- [finquest-backend] [nio-8080-exec-7] s.w.s.m.m.a.RequestMappingHandlerMapping : Mapped to com.finquest.controller.AuthController#register(RegisterRequest)
2026-08-09T12:37:04.235+05:30 DEBUG 16784 --- [finquest-backend] [nio-8080-exec-7] o.s.web.method.HandlerMethod             : Could not resolve parameter [0] in public org.springframework.http.ResponseEntity<com.finquest.dto.AuthResponse> com.finquest.controller.AuthController.register(com.finquest.dto.RegisterRequest): JSON parse error: Unexpected end-of-input in VALUE_STRING
2026-08-09T12:37:04.237+05:30 DEBUG 16784 --- [finquest-backend] [nio-8080-exec-7] .m.m.a.ExceptionHandlerExceptionResolver : Using @ExceptionHandler com.finquest.exception.GlobalExceptionHandler#handleGeneric(Exception)
2026-08-09T12:37:04.241+05:30 DEBUG 16784 --- [finquest-backend] [nio-8080-exec-7] o.s.w.s.m.m.a.HttpEntityMethodProcessor  : Using 'application/json', given [*/*] and supported [application/json, application/*+json]
2026-08-09T12:37:04.241+05:30 DEBUG 16784 --- [finquest-backend] [nio-8080-exec-7] o.s.w.s.m.m.a.HttpEntityMethodProcessor  : Writing [ApiResponse(success=false, message=An unexpected error occurred, data=null, timestamp=2026-08-09T07: (truncated)...]
2026-08-09T12:37:04.244+05:30 DEBUG 16784 --- [finquest-backend] [nio-8080-exec-7] .m.m.a.ExceptionHandlerExceptionResolver : Resolved [org.springframework.http.converter.HttpMessageNotReadableException: JSON parse error: Unexpected end-of-input in VALUE_STRING]
2026-08-09T12:37:04.244+05:30 DEBUG 16784 --- [finquest-backend] [nio-8080-exec-7] o.s.web.servlet.DispatcherServlet        : Completed 500 INTERNAL_SERVER_ERROR
2026-08-09T12:39:57.568+05:30 DEBUG 16784 --- [finquest-backend] [nio-8080-exec-8] o.s.web.servlet.DispatcherServlet        : POST "/api/auth/register", parameters={}
2026-08-09T12:39:57.581+05:30 DEBUG 16784 --- [finquest-backend] [nio-8080-exec-8] s.w.s.m.m.a.RequestMappingHandlerMapping : Mapped to com.finquest.controller.AuthController#register(RegisterRequest)
2026-08-09T12:39:57.722+05:30 DEBUG 16784 --- [finquest-backend] [nio-8080-exec-8] m.m.a.RequestResponseBodyMethodProcessor : Read "application/json;charset=UTF-8" to [RegisterRequest(name=Phase3 Test, email=phase3_test@finquest.com, password=Phase3Test123!)]
2026-08-09T12:39:58.587+05:30 DEBUG 16784 --- [finquest-backend] [nio-8080-exec-8] org.hibernate.SQL                        : 
    select
        u1_0.id 
    from
        users u1_0 
    where
        u1_0.email=? 
    limit
        ?
Hibernate: 
    select
        u1_0.id 
    from
        users u1_0 
    where
        u1_0.email=? 
    limit
        ?
2026-08-09T12:40:00.065+05:30 DEBUG 16784 --- [finquest-backend] [nio-8080-exec-8] org.hibernate.SQL                        : 
    insert 
    into
        users
        (coins, email, email_verified, financial_score, last_learning_date, learning_streak, level, literacy_level, name, password, recommendation, reset_code, reset_expiry, risk_profile, role, verification_code, verification_expiry, xp) 
    values
        (?, ?, ?, ?, ?, ?, ?, ?, ?, ?, ?, ?, ?, ?, ?, ?, ?, ?)
Hibernate: 
    insert 
    into
        users
        (coins, email, email_verified, financial_score, last_learning_date, learning_streak, level, literacy_level, name, password, recommendation, reset_code, reset_expiry, risk_profile, role, verification_code, verification_expiry, xp) 
    values
        (?, ?, ?, ?, ?, ?, ?, ?, ?, ?, ?, ?, ?, ?, ?, ?, ?, ?)
2026-08-09T12:40:00.375+05:30  INFO 16784 --- [finquest-backend] [nio-8080-exec-8] com.finquest.service.EmailService        : 
=== [EMAIL NOT SENT — dev mode] ===
To: phase3_test@finquest.com
Subject: Verify your FinQuest account
Hi Phase3 Test,

Click the link below to verify your email:
http://localhost:5173/verify?id=4&code=dbd1b47197d5803a16c41d5e1566aabd222d7ad211374229d8bc13dbc727cbc7

This link expires in 24 hours.

— FinQuest Team
===================================
2026-08-09T12:40:00.562+05:30 DEBUG 16784 --- [finquest-backend] [nio-8080-exec-8] o.s.w.s.m.m.a.HttpEntityMethodProcessor  : Using 'application/json', given [*/*] and supported [application/json, application/*+json]
2026-08-09T12:40:00.595+05:30 DEBUG 16784 --- [finquest-backend] [nio-8080-exec-8] o.s.w.s.m.m.a.HttpEntityMethodProcessor  : Writing [AuthResponse(message=Registration successful. Please verify your email before logging in., userId=4, (truncated)...]
2026-08-09T12:40:00.615+05:30 DEBUG 16784 --- [finquest-backend] [nio-8080-exec-8] o.s.web.servlet.DispatcherServlet        : Completed 201 CREATED
2026-08-09T12:41:12.082+05:30 DEBUG 16784 --- [finquest-backend] [nio-8080-exec-1] o.s.web.servlet.DispatcherServlet        : GET "/api/auth/verify-email?id=4&code=dbd1b47197d5803a16c41d5e1566aabd222d7ad211374229d8bc13dbc727cbc7", parameters={masked}
2026-08-09T12:41:12.084+05:30 DEBUG 16784 --- [finquest-backend] [nio-8080-exec-1] s.w.s.m.m.a.RequestMappingHandlerMapping : Mapped to com.finquest.controller.AuthController#verifyEmail(Long, String)
2026-08-09T12:41:12.390+05:30 DEBUG 16784 --- [finquest-backend] [nio-8080-exec-1] org.hibernate.SQL                        : 
    select
        u1_0.id,
        u1_0.coins,
        u1_0.email,
        u1_0.email_verified,
        u1_0.financial_score,
        u1_0.last_learning_date,
        u1_0.learning_streak,
        u1_0.level,
        u1_0.literacy_level,
        u1_0.name,
        u1_0.password,
        u1_0.recommendation,
        u1_0.reset_code,
        u1_0.reset_expiry,
        u1_0.risk_profile,
        u1_0.role,
        u1_0.verification_code,
        u1_0.verification_expiry,
        u1_0.xp 
    from
        users u1_0 
    where
        u1_0.id=?
Hibernate: 
    select
        u1_0.id,
        u1_0.coins,
        u1_0.email,
        u1_0.email_verified,
        u1_0.financial_score,
        u1_0.last_learning_date,
        u1_0.learning_streak,
        u1_0.level,
        u1_0.literacy_level,
        u1_0.name,
        u1_0.password,
        u1_0.recommendation,
        u1_0.reset_code,
        u1_0.reset_expiry,
        u1_0.risk_profile,
        u1_0.role,
        u1_0.verification_code,
        u1_0.verification_expiry,
        u1_0.xp 
    from
        users u1_0 
    where
        u1_0.id=?
2026-08-09T12:41:12.532+05:30 DEBUG 16784 --- [finquest-backend] [nio-8080-exec-1] org.hibernate.SQL                        : 
    update
        users 
    set
        coins=?,
        email=?,
        email_verified=?,
        financial_score=?,
        last_learning_date=?,
        learning_streak=?,
        level=?,
        literacy_level=?,
        name=?,
        password=?,
        recommendation=?,
        reset_code=?,
        reset_expiry=?,
        risk_profile=?,
        role=?,
        verification_code=?,
        verification_expiry=?,
        xp=? 
    where
        id=?
Hibernate: 
    update
        users 
    set
        coins=?,
        email=?,
        email_verified=?,
        financial_score=?,
        last_learning_date=?,
        learning_streak=?,
        level=?,
        literacy_level=?,
        name=?,
        password=?,
        recommendation=?,
        reset_code=?,
        reset_expiry=?,
        risk_profile=?,
        role=?,
        verification_code=?,
        verification_expiry=?,
        xp=? 
    where
        id=?
2026-08-09T12:41:12.601+05:30 DEBUG 16784 --- [finquest-backend] [nio-8080-exec-1] o.s.w.s.m.m.a.HttpEntityMethodProcessor  : Using 'application/json', given [*/*] and supported [application/json, application/*+json]
2026-08-09T12:41:12.605+05:30 DEBUG 16784 --- [finquest-backend] [nio-8080-exec-1] o.s.w.s.m.m.a.HttpEntityMethodProcessor  : Writing [MessageResponse(message=Email verified. You can now log in.)]
2026-08-09T12:41:12.609+05:30 DEBUG 16784 --- [finquest-backend] [nio-8080-exec-1] o.s.web.servlet.DispatcherServlet        : Completed 200 OK
2026-08-09T12:41:32.918+05:30 DEBUG 16784 --- [finquest-backend] [nio-8080-exec-6] o.s.web.servlet.DispatcherServlet        : POST "/api/auth/login", parameters={}
2026-08-09T12:41:32.920+05:30 DEBUG 16784 --- [finquest-backend] [nio-8080-exec-6] s.w.s.m.m.a.RequestMappingHandlerMapping : Mapped to com.finquest.controller.AuthController#login(LoginRequest)
2026-08-09T12:41:32.925+05:30 DEBUG 16784 --- [finquest-backend] [nio-8080-exec-6] m.m.a.RequestResponseBodyMethodProcessor : Read "application/json;charset=UTF-8" to [LoginRequest(email=phase3_test@finquest.com, password=Phase3Test123!)]
2026-08-09T12:41:32.943+05:30 DEBUG 16784 --- [finquest-backend] [nio-8080-exec-6] org.hibernate.SQL                        : 
    select
        u1_0.id,
        u1_0.coins,
        u1_0.email,
        u1_0.email_verified,
        u1_0.financial_score,
        u1_0.last_learning_date,
        u1_0.learning_streak,
        u1_0.level,
        u1_0.literacy_level,
        u1_0.name,
        u1_0.password,
        u1_0.recommendation,
        u1_0.reset_code,
        u1_0.reset_expiry,
        u1_0.risk_profile,
        u1_0.role,
        u1_0.verification_code,
        u1_0.verification_expiry,
        u1_0.xp 
    from
        users u1_0 
    where
        u1_0.email=?
Hibernate: 
    select
        u1_0.id,
        u1_0.coins,
        u1_0.email,
        u1_0.email_verified,
        u1_0.financial_score,
        u1_0.last_learning_date,
        u1_0.learning_streak,
        u1_0.level,
        u1_0.literacy_level,
        u1_0.name,
        u1_0.password,
        u1_0.recommendation,
        u1_0.reset_code,
        u1_0.reset_expiry,
        u1_0.risk_profile,
        u1_0.role,
        u1_0.verification_code,
        u1_0.verification_expiry,
        u1_0.xp 
    from
        users u1_0 
    where
        u1_0.email=?
2026-08-09T12:41:33.322+05:30 DEBUG 16784 --- [finquest-backend] [nio-8080-exec-6] org.hibernate.SQL                        : 
    select
        u1_0.id,
        u1_0.coins,
        u1_0.email,
        u1_0.email_verified,
        u1_0.financial_score,
        u1_0.last_learning_date,
        u1_0.learning_streak,
        u1_0.level,
        u1_0.literacy_level,
        u1_0.name,
        u1_0.password,
        u1_0.recommendation,
        u1_0.reset_code,
        u1_0.reset_expiry,
        u1_0.risk_profile,
        u1_0.role,
        u1_0.verification_code,
        u1_0.verification_expiry,
        u1_0.xp 
    from
        users u1_0 
    where
        u1_0.email=?
Hibernate: 
    select
        u1_0.id,
        u1_0.coins,
        u1_0.email,
        u1_0.email_verified,
        u1_0.financial_score,
        u1_0.last_learning_date,
        u1_0.learning_streak,
        u1_0.level,
        u1_0.literacy_level,
        u1_0.name,
        u1_0.password,
        u1_0.recommendation,
        u1_0.reset_code,
        u1_0.reset_expiry,
        u1_0.risk_profile,
        u1_0.role,
        u1_0.verification_code,
        u1_0.verification_expiry,
        u1_0.xp 
    from
        users u1_0 
    where
        u1_0.email=?
2026-08-09T12:41:33.735+05:30 DEBUG 16784 --- [finquest-backend] [nio-8080-exec-6] org.hibernate.SQL                        : 
    insert 
    into
        refresh_tokens
        (created_at, expires_at, revoked, token_hash, user_id) 
    values
        (?, ?, ?, ?, ?)
Hibernate: 
    insert 
    into
        refresh_tokens
        (created_at, expires_at, revoked, token_hash, user_id) 
    values
        (?, ?, ?, ?, ?)
2026-08-09T12:41:33.835+05:30 DEBUG 16784 --- [finquest-backend] [nio-8080-exec-6] o.s.w.s.m.m.a.HttpEntityMethodProcessor  : Using 'application/json', given [*/*] and supported [application/json, application/*+json]
2026-08-09T12:41:33.835+05:30 DEBUG 16784 --- [finquest-backend] [nio-8080-exec-6] o.s.w.s.m.m.a.HttpEntityMethodProcessor  : Writing [AuthResponse(message=Login successful, userId=4, name=Phase3 Test, email=phase3_test@finquest.com, l (truncated)...]
2026-08-09T12:41:33.835+05:30 DEBUG 16784 --- [finquest-backend] [nio-8080-exec-6] o.s.web.servlet.DispatcherServlet        : Completed 200 OK
2026-08-09T12:42:19.169+05:30 DEBUG 16784 --- [finquest-backend] [io-8080-exec-10] org.hibernate.SQL                        : 
    select
        u1_0.id,
        u1_0.coins,
        u1_0.email,
        u1_0.email_verified,
        u1_0.financial_score,
        u1_0.last_learning_date,
        u1_0.learning_streak,
        u1_0.level,
        u1_0.literacy_level,
        u1_0.name,
        u1_0.password,
        u1_0.recommendation,
        u1_0.reset_code,
        u1_0.reset_expiry,
        u1_0.risk_profile,
        u1_0.role,
        u1_0.verification_code,
        u1_0.verification_expiry,
        u1_0.xp 
    from
        users u1_0 
    where
        u1_0.email=?
Hibernate: 
    select
        u1_0.id,
        u1_0.coins,
        u1_0.email,
        u1_0.email_verified,
        u1_0.financial_score,
        u1_0.last_learning_date,
        u1_0.learning_streak,
        u1_0.level,
        u1_0.literacy_level,
        u1_0.name,
        u1_0.password,
        u1_0.recommendation,
        u1_0.reset_code,
        u1_0.reset_expiry,
        u1_0.risk_profile,
        u1_0.role,
        u1_0.verification_code,
        u1_0.verification_expiry,
        u1_0.xp 
    from
        users u1_0 
    where
        u1_0.email=?
2026-08-09T12:42:19.176+05:30 DEBUG 16784 --- [finquest-backend] [io-8080-exec-10] o.s.web.servlet.DispatcherServlet        : GET "/api/user/profile?userId=4", parameters={masked}
2026-08-09T12:42:19.176+05:30 DEBUG 16784 --- [finquest-backend] [io-8080-exec-10] s.w.s.m.m.a.RequestMappingHandlerMapping : Mapped to com.finquest.controller.UserController#getProfile(Long)
2026-08-09T12:42:19.208+05:30 DEBUG 16784 --- [finquest-backend] [io-8080-exec-10] org.hibernate.SQL                        : 
    select
        u1_0.id,
        u1_0.coins,
        u1_0.email,
        u1_0.email_verified,
        u1_0.financial_score,
        u1_0.last_learning_date,
        u1_0.learning_streak,
        u1_0.level,
        u1_0.literacy_level,
        u1_0.name,
        u1_0.password,
        u1_0.recommendation,
        u1_0.reset_code,
        u1_0.reset_expiry,
        u1_0.risk_profile,
        u1_0.role,
        u1_0.verification_code,
        u1_0.verification_expiry,
        u1_0.xp 
    from
        users u1_0 
    where
        u1_0.id=?
Hibernate: 
    select
        u1_0.id,
        u1_0.coins,
        u1_0.email,
        u1_0.email_verified,
        u1_0.financial_score,
        u1_0.last_learning_date,
        u1_0.learning_streak,
        u1_0.level,
        u1_0.literacy_level,
        u1_0.name,
        u1_0.password,
        u1_0.recommendation,
        u1_0.reset_code,
        u1_0.reset_expiry,
        u1_0.risk_profile,
        u1_0.role,
        u1_0.verification_code,
        u1_0.verification_expiry,
        u1_0.xp 
    from
        users u1_0 
    where
        u1_0.id=?
2026-08-09T12:42:19.217+05:30 DEBUG 16784 --- [finquest-backend] [io-8080-exec-10] o.s.w.s.m.m.a.HttpEntityMethodProcessor  : Using 'application/json', given [*/*] and supported [application/json, application/*+json]
2026-08-09T12:42:19.218+05:30 DEBUG 16784 --- [finquest-backend] [io-8080-exec-10] o.s.w.s.m.m.a.HttpEntityMethodProcessor  : Writing [AuthResponse(message=OK, userId=4, name=Phase3 Test, email=phase3_test@finquest.com, level=1, xp=0,  (truncated)...]
2026-08-09T12:42:19.221+05:30 DEBUG 16784 --- [finquest-backend] [io-8080-exec-10] o.s.web.servlet.DispatcherServlet        : Completed 200 OK
2026-08-09T12:42:19.378+05:30 DEBUG 16784 --- [finquest-backend] [nio-8080-exec-3] org.hibernate.SQL                        : 
    select
        u1_0.id,
        u1_0.coins,
        u1_0.email,
        u1_0.email_verified,
        u1_0.financial_score,
        u1_0.last_learning_date,
        u1_0.learning_streak,
        u1_0.level,
        u1_0.literacy_level,
        u1_0.name,
        u1_0.password,
        u1_0.recommendation,
        u1_0.reset_code,
        u1_0.reset_expiry,
        u1_0.risk_profile,
        u1_0.role,
        u1_0.verification_code,
        u1_0.verification_expiry,
        u1_0.xp 
    from
        users u1_0 
    where
        u1_0.email=?
Hibernate: 
    select
        u1_0.id,
        u1_0.coins,
        u1_0.email,
        u1_0.email_verified,
        u1_0.financial_score,
        u1_0.last_learning_date,
        u1_0.learning_streak,
        u1_0.level,
        u1_0.literacy_level,
        u1_0.name,
        u1_0.password,
        u1_0.recommendation,
        u1_0.reset_code,
        u1_0.reset_expiry,
        u1_0.risk_profile,
        u1_0.role,
        u1_0.verification_code,
        u1_0.verification_expiry,
        u1_0.xp 
    from
        users u1_0 
    where
        u1_0.email=?
2026-08-09T12:42:19.387+05:30 DEBUG 16784 --- [finquest-backend] [nio-8080-exec-3] o.s.web.servlet.DispatcherServlet        : GET "/api/user/leaderboard", parameters={}
2026-08-09T12:42:19.387+05:30 DEBUG 16784 --- [finquest-backend] [nio-8080-exec-3] s.w.s.m.m.a.RequestMappingHandlerMapping : Mapped to com.finquest.controller.UserController#getLeaderboard()
2026-08-09T12:42:19.413+05:30 DEBUG 16784 --- [finquest-backend] [nio-8080-exec-3] org.hibernate.SQL                        : 
    select
        u1_0.id,
        u1_0.coins,
        u1_0.email,
        u1_0.email_verified,
        u1_0.financial_score,
        u1_0.last_learning_date,
        u1_0.learning_streak,
        u1_0.level,
        u1_0.literacy_level,
        u1_0.name,
        u1_0.password,
        u1_0.recommendation,
        u1_0.reset_code,
        u1_0.reset_expiry,
        u1_0.risk_profile,
        u1_0.role,
        u1_0.verification_code,
        u1_0.verification_expiry,
        u1_0.xp 
    from
        users u1_0
Hibernate: 
    select
        u1_0.id,
        u1_0.coins,
        u1_0.email,
        u1_0.email_verified,
        u1_0.financial_score,
        u1_0.last_learning_date,
        u1_0.learning_streak,
        u1_0.level,
        u1_0.literacy_level,
        u1_0.name,
        u1_0.password,
        u1_0.recommendation,
        u1_0.reset_code,
        u1_0.reset_expiry,
        u1_0.risk_profile,
        u1_0.role,
        u1_0.verification_code,
        u1_0.verification_expiry,
        u1_0.xp 
    from
        users u1_0
2026-08-09T12:42:19.469+05:30 DEBUG 16784 --- [finquest-backend] [nio-8080-exec-3] org.hibernate.SQL                        : 
    select
        a1_0.id,
        a1_0.badge_name,
        a1_0.user_id 
    from
        achievements a1_0 
    left join
        users u1_0 
            on u1_0.id=a1_0.user_id 
    where
        u1_0.id=?
Hibernate: 
    select
        a1_0.id,
        a1_0.badge_name,
        a1_0.user_id 
    from
        achievements a1_0 
    left join
        users u1_0 
            on u1_0.id=a1_0.user_id 
    where
        u1_0.id=?
2026-08-09T12:42:19.534+05:30 DEBUG 16784 --- [finquest-backend] [nio-8080-exec-3] org.hibernate.SQL                        : 
    select
        us1_0.id,
        us1_0.current_streak,
        us1_0.last_activity_date,
        us1_0.longest_streak,
        us1_0.user_id 
    from
        user_streaks us1_0 
    join
        users u1_0 
            on u1_0.id=us1_0.user_id 
    where
        u1_0.id=?
Hibernate: 
    select
        us1_0.id,
        us1_0.current_streak,
        us1_0.last_activity_date,
        us1_0.longest_streak,
        us1_0.user_id 
    from
        user_streaks us1_0 
    join
        users u1_0 
            on u1_0.id=us1_0.user_id 
    where
        u1_0.id=?
2026-08-09T12:42:19.557+05:30 DEBUG 16784 --- [finquest-backend] [nio-8080-exec-3] org.hibernate.SQL                        : 
    select
        a1_0.id,
        a1_0.badge_name,
        a1_0.user_id 
    from
        achievements a1_0 
    left join
        users u1_0 
            on u1_0.id=a1_0.user_id 
    where
        u1_0.id=?
Hibernate: 
    select
        a1_0.id,
        a1_0.badge_name,
        a1_0.user_id 
    from
        achievements a1_0 
    left join
        users u1_0 
            on u1_0.id=a1_0.user_id 
    where
        u1_0.id=?
2026-08-09T12:42:19.565+05:30 DEBUG 16784 --- [finquest-backend] [nio-8080-exec-3] org.hibernate.SQL                        : 
    select
        us1_0.id,
        us1_0.current_streak,
        us1_0.last_activity_date,
        us1_0.longest_streak,
        us1_0.user_id 
    from
        user_streaks us1_0 
    join
        users u1_0 
            on u1_0.id=us1_0.user_id 
    where
        u1_0.id=?
Hibernate: 
    select
        us1_0.id,
        us1_0.current_streak,
        us1_0.last_activity_date,
        us1_0.longest_streak,
        us1_0.user_id 
    from
        user_streaks us1_0 
    join
        users u1_0 
            on u1_0.id=us1_0.user_id 
    where
        u1_0.id=?
2026-08-09T12:42:19.571+05:30 DEBUG 16784 --- [finquest-backend] [nio-8080-exec-3] org.hibernate.SQL                        : 
    select
        a1_0.id,
        a1_0.badge_name,
        a1_0.user_id 
    from
        achievements a1_0 
    left join
        users u1_0 
            on u1_0.id=a1_0.user_id 
    where
        u1_0.id=?
Hibernate: 
    select
        a1_0.id,
        a1_0.badge_name,
        a1_0.user_id 
    from
        achievements a1_0 
    left join
        users u1_0 
            on u1_0.id=a1_0.user_id 
    where
        u1_0.id=?
2026-08-09T12:42:19.573+05:30 DEBUG 16784 --- [finquest-backend] [nio-8080-exec-3] org.hibernate.SQL                        : 
    select
        us1_0.id,
        us1_0.current_streak,
        us1_0.last_activity_date,
        us1_0.longest_streak,
        us1_0.user_id 
    from
        user_streaks us1_0 
    join
        users u1_0 
            on u1_0.id=us1_0.user_id 
    where
        u1_0.id=?
Hibernate: 
    select
        us1_0.id,
        us1_0.current_streak,
        us1_0.last_activity_date,
        us1_0.longest_streak,
        us1_0.user_id 
    from
        user_streaks us1_0 
    join
        users u1_0 
            on u1_0.id=us1_0.user_id 
    where
        u1_0.id=?
2026-08-09T12:42:19.585+05:30 DEBUG 16784 --- [finquest-backend] [nio-8080-exec-3] org.hibernate.SQL                        : 
    select
        a1_0.id,
        a1_0.badge_name,
        a1_0.user_id 
    from
        achievements a1_0 
    left join
        users u1_0 
            on u1_0.id=a1_0.user_id 
    where
        u1_0.id=?
Hibernate: 
    select
        a1_0.id,
        a1_0.badge_name,
        a1_0.user_id 
    from
        achievements a1_0 
    left join
        users u1_0 
            on u1_0.id=a1_0.user_id 
    where
        u1_0.id=?
2026-08-09T12:42:19.590+05:30 DEBUG 16784 --- [finquest-backend] [nio-8080-exec-3] org.hibernate.SQL                        : 
    select
        us1_0.id,
        us1_0.current_streak,
        us1_0.last_activity_date,
        us1_0.longest_streak,
        us1_0.user_id 
    from
        user_streaks us1_0 
    join
        users u1_0 
            on u1_0.id=us1_0.user_id 
    where
        u1_0.id=?
Hibernate: 
    select
        us1_0.id,
        us1_0.current_streak,
        us1_0.last_activity_date,
        us1_0.longest_streak,
        us1_0.user_id 
    from
        user_streaks us1_0 
    join
        users u1_0 
            on u1_0.id=us1_0.user_id 
    where
        u1_0.id=?
2026-08-09T12:42:19.601+05:30 DEBUG 16784 --- [finquest-backend] [nio-8080-exec-3] o.s.w.s.m.m.a.HttpEntityMethodProcessor  : Using 'application/json', given [*/*] and supported [application/json, application/*+json]
2026-08-09T12:42:19.618+05:30 DEBUG 16784 --- [finquest-backend] [nio-8080-exec-3] o.s.w.s.m.m.a.HttpEntityMethodProcessor  : Writing [[LeaderboardEntryDto(id=1, username=Madhavan , avatar=, level=4, xp=111, financialScore=0, rank=1, b (truncated)...]
2026-08-09T12:42:19.639+05:30 DEBUG 16784 --- [finquest-backend] [nio-8080-exec-3] o.s.web.servlet.DispatcherServlet        : Completed 200 OK
2026-08-09T12:42:19.788+05:30 DEBUG 16784 --- [finquest-backend] [nio-8080-exec-8] org.hibernate.SQL                        : 
    select
        u1_0.id,
        u1_0.coins,
        u1_0.email,
        u1_0.email_verified,
        u1_0.financial_score,
        u1_0.last_learning_date,
        u1_0.learning_streak,
        u1_0.level,
        u1_0.literacy_level,
        u1_0.name,
        u1_0.password,
        u1_0.recommendation,
        u1_0.reset_code,
        u1_0.reset_expiry,
        u1_0.risk_profile,
        u1_0.role,
        u1_0.verification_code,
        u1_0.verification_expiry,
        u1_0.xp 
    from
        users u1_0 
    where
        u1_0.email=?
Hibernate: 
    select
        u1_0.id,
        u1_0.coins,
        u1_0.email,
        u1_0.email_verified,
        u1_0.financial_score,
        u1_0.last_learning_date,
        u1_0.learning_streak,
        u1_0.level,
        u1_0.literacy_level,
        u1_0.name,
        u1_0.password,
        u1_0.recommendation,
        u1_0.reset_code,
        u1_0.reset_expiry,
        u1_0.risk_profile,
        u1_0.role,
        u1_0.verification_code,
        u1_0.verification_expiry,
        u1_0.xp 
    from
        users u1_0 
    where
        u1_0.email=?
2026-08-09T12:42:19.794+05:30 DEBUG 16784 --- [finquest-backend] [nio-8080-exec-8] o.s.web.servlet.DispatcherServlet        : GET "/api/levels", parameters={}
2026-08-09T12:42:19.794+05:30 DEBUG 16784 --- [finquest-backend] [nio-8080-exec-8] s.w.s.m.m.a.RequestMappingHandlerMapping : Mapped to com.finquest.controller.GameController#getLevels()
2026-08-09T12:42:19.802+05:30 DEBUG 16784 --- [finquest-backend] [nio-8080-exec-8] o.s.w.s.m.m.a.HttpEntityMethodProcessor  : Using 'application/json', given [*/*] and supported [application/json, application/*+json]
2026-08-09T12:42:19.821+05:30 DEBUG 16784 --- [finquest-backend] [nio-8080-exec-8] o.s.w.s.m.m.a.HttpEntityMethodProcessor  : Writing [[LevelInfoDto(level=1, title=Beginner, description=Start your financial journey, xpRequired=0), Leve (truncated)...]
2026-08-09T12:42:19.833+05:30 DEBUG 16784 --- [finquest-backend] [nio-8080-exec-8] o.s.web.servlet.DispatcherServlet        : Completed 200 OK
2026-08-09T12:43:14.570+05:30 DEBUG 16784 --- [finquest-backend] [nio-8080-exec-1] org.hibernate.SQL                        : 
    select
        u1_0.id,
        u1_0.coins,
        u1_0.email,
        u1_0.email_verified,
        u1_0.financial_score,
        u1_0.last_learning_date,
        u1_0.learning_streak,
        u1_0.level,
        u1_0.literacy_level,
        u1_0.name,
        u1_0.password,
        u1_0.recommendation,
        u1_0.reset_code,
        u1_0.reset_expiry,
        u1_0.risk_profile,
        u1_0.role,
        u1_0.verification_code,
        u1_0.verification_expiry,
        u1_0.xp 
    from
        users u1_0 
    where
        u1_0.email=?
Hibernate: 
    select
        u1_0.id,
        u1_0.coins,
        u1_0.email,
        u1_0.email_verified,
        u1_0.financial_score,
        u1_0.last_learning_date,
        u1_0.learning_streak,
        u1_0.level,
        u1_0.literacy_level,
        u1_0.name,
        u1_0.password,
        u1_0.recommendation,
        u1_0.reset_code,
        u1_0.reset_expiry,
        u1_0.risk_profile,
        u1_0.role,
        u1_0.verification_code,
        u1_0.verification_expiry,
        u1_0.xp 
    from
        users u1_0 
    where
        u1_0.email=?
2026-08-09T12:43:14.578+05:30 DEBUG 16784 --- [finquest-backend] [nio-8080-exec-1] o.s.web.servlet.DispatcherServlet        : GET "/api/gamification/summary?userId=4", parameters={masked}
2026-08-09T12:43:14.578+05:30 DEBUG 16784 --- [finquest-backend] [nio-8080-exec-1] s.w.s.m.m.a.RequestMappingHandlerMapping : Mapped to com.finquest.controller.GamificationController#summary(Long)
2026-08-09T12:43:14.590+05:30 DEBUG 16784 --- [finquest-backend] [nio-8080-exec-1] org.hibernate.SQL                        : 
    select
        u1_0.id,
        u1_0.coins,
        u1_0.email,
        u1_0.email_verified,
        u1_0.financial_score,
        u1_0.last_learning_date,
        u1_0.learning_streak,
        u1_0.level,
        u1_0.literacy_level,
        u1_0.name,
        u1_0.password,
        u1_0.recommendation,
        u1_0.reset_code,
        u1_0.reset_expiry,
        u1_0.risk_profile,
        u1_0.role,
        u1_0.verification_code,
        u1_0.verification_expiry,
        u1_0.xp 
    from
        users u1_0 
    where
        u1_0.id=?
Hibernate: 
    select
        u1_0.id,
        u1_0.coins,
        u1_0.email,
        u1_0.email_verified,
        u1_0.financial_score,
        u1_0.last_learning_date,
        u1_0.learning_streak,
        u1_0.level,
        u1_0.literacy_level,
        u1_0.name,
        u1_0.password,
        u1_0.recommendation,
        u1_0.reset_code,
        u1_0.reset_expiry,
        u1_0.risk_profile,
        u1_0.role,
        u1_0.verification_code,
        u1_0.verification_expiry,
        u1_0.xp 
    from
        users u1_0 
    where
        u1_0.id=?
2026-08-09T12:43:14.604+05:30 DEBUG 16784 --- [finquest-backend] [nio-8080-exec-1] org.hibernate.SQL                        : 
    select
        us1_0.id,
        us1_0.current_streak,
        us1_0.last_activity_date,
        us1_0.longest_streak,
        us1_0.user_id 
    from
        user_streaks us1_0 
    join
        users u1_0 
            on u1_0.id=us1_0.user_id 
    where
        u1_0.id=?
Hibernate: 
    select
        us1_0.id,
        us1_0.current_streak,
        us1_0.last_activity_date,
        us1_0.longest_streak,
        us1_0.user_id 
    from
        user_streaks us1_0 
    join
        users u1_0 
            on u1_0.id=us1_0.user_id 
    where
        u1_0.id=?
2026-08-09T12:43:14.628+05:30 DEBUG 16784 --- [finquest-backend] [nio-8080-exec-1] org.hibernate.SQL                        : 
    insert 
    into
        user_streaks
        (current_streak, last_activity_date, longest_streak, user_id) 
    values
        (?, ?, ?, ?)
Hibernate: 
    insert 
    into
        user_streaks
        (current_streak, last_activity_date, longest_streak, user_id) 
    values
        (?, ?, ?, ?)
2026-08-09T12:43:14.654+05:30 DEBUG 16784 --- [finquest-backend] [nio-8080-exec-1] org.hibernate.SQL                        : 
    select
        ua1_0.id,
        ua1_0.achievement_definition_id,
        ua1_0.unlocked_at,
        ua1_0.user_id 
    from
        user_achievements ua1_0 
    join
        users u1_0 
            on u1_0.id=ua1_0.user_id 
    where
        u1_0.id=?
Hibernate: 
    select
        ua1_0.id,
        ua1_0.achievement_definition_id,
        ua1_0.unlocked_at,
        ua1_0.user_id 
    from
        user_achievements ua1_0 
    join
        users u1_0 
            on u1_0.id=ua1_0.user_id 
    where
        u1_0.id=?
2026-08-09T12:43:14.680+05:30 DEBUG 16784 --- [finquest-backend] [nio-8080-exec-1] org.hibernate.SQL                        : 
    select
        ub1_0.id,
        ub1_0.badge_code,
        ub1_0.badge_name,
        ub1_0.icon,
        ub1_0.unlocked_at,
        ub1_0.user_id 
    from
        user_badges ub1_0 
    join
        users u1_0 
            on u1_0.id=ub1_0.user_id 
    where
        u1_0.id=?
Hibernate: 
    select
        ub1_0.id,
        ub1_0.badge_code,
        ub1_0.badge_name,
        ub1_0.icon,
        ub1_0.unlocked_at,
        ub1_0.user_id 
    from
        user_badges ub1_0 
    join
        users u1_0 
            on u1_0.id=ub1_0.user_id 
    where
        u1_0.id=?
2026-08-09T12:43:14.710+05:30 DEBUG 16784 --- [finquest-backend] [nio-8080-exec-1] o.s.w.s.m.m.a.HttpEntityMethodProcessor  : Using 'application/json', given [*/*] and supported [application/json, application/*+json]
2026-08-09T12:43:14.761+05:30 DEBUG 16784 --- [finquest-backend] [nio-8080-exec-1] o.s.w.s.m.m.a.HttpEntityMethodProcessor  : Writing [GamificationSummaryDto(userId=4, name=Phase3 Test, level=1, currentXp=0, xpToNextLevel=100, progress (truncated)...]
2026-08-09T12:43:14.761+05:30 DEBUG 16784 --- [finquest-backend] [nio-8080-exec-1] o.s.web.servlet.DispatcherServlet        : Completed 200 OK
2026-08-09T12:43:14.936+05:30 DEBUG 16784 --- [finquest-backend] [nio-8080-exec-6] org.hibernate.SQL                        : 
    select
        u1_0.id,
        u1_0.coins,
        u1_0.email,
        u1_0.email_verified,
        u1_0.financial_score,
        u1_0.last_learning_date,
        u1_0.learning_streak,
        u1_0.level,
        u1_0.literacy_level,
        u1_0.name,
        u1_0.password,
        u1_0.recommendation,
        u1_0.reset_code,
        u1_0.reset_expiry,
        u1_0.risk_profile,
        u1_0.role,
        u1_0.verification_code,
        u1_0.verification_expiry,
        u1_0.xp 
    from
        users u1_0 
    where
        u1_0.email=?
Hibernate: 
    select
        u1_0.id,
        u1_0.coins,
        u1_0.email,
        u1_0.email_verified,
        u1_0.financial_score,
        u1_0.last_learning_date,
        u1_0.learning_streak,
        u1_0.level,
        u1_0.literacy_level,
        u1_0.name,
        u1_0.password,
        u1_0.recommendation,
        u1_0.reset_code,
        u1_0.reset_expiry,
        u1_0.risk_profile,
        u1_0.role,
        u1_0.verification_code,
        u1_0.verification_expiry,
        u1_0.xp 
    from
        users u1_0 
    where
        u1_0.email=?
2026-08-09T12:43:14.940+05:30 DEBUG 16784 --- [finquest-backend] [nio-8080-exec-6] o.s.web.servlet.DispatcherServlet        : GET "/api/quiz/1", parameters={}
2026-08-09T12:43:14.942+05:30 DEBUG 16784 --- [finquest-backend] [nio-8080-exec-6] s.w.s.m.m.a.RequestMappingHandlerMapping : Mapped to com.finquest.controller.QuizController#getQuestions(int)
2026-08-09T12:43:14.965+05:30 DEBUG 16784 --- [finquest-backend] [nio-8080-exec-6] org.hibernate.SQL                        : 
    select
        qq1_0.id,
        qq1_0.correct_answer,
        qq1_0.level,
        qq1_0.option_a,
        qq1_0.option_b,
        qq1_0.option_c,
        qq1_0.option_d,
        qq1_0.question 
    from
        quiz_questions qq1_0 
    where
        qq1_0.level=?
Hibernate: 
    select
        qq1_0.id,
        qq1_0.correct_answer,
        qq1_0.level,
        qq1_0.option_a,
        qq1_0.option_b,
        qq1_0.option_c,
        qq1_0.option_d,
        qq1_0.question 
    from
        quiz_questions qq1_0 
    where
        qq1_0.level=?
2026-08-09T12:43:14.978+05:30 DEBUG 16784 --- [finquest-backend] [nio-8080-exec-6] o.s.w.s.m.m.a.HttpEntityMethodProcessor  : Using 'application/json', given [*/*] and supported [application/json, application/*+json]
2026-08-09T12:43:14.978+05:30 DEBUG 16784 --- [finquest-backend] [nio-8080-exec-6] o.s.w.s.m.m.a.HttpEntityMethodProcessor  : Writing [[]]
2026-08-09T12:43:14.982+05:30 DEBUG 16784 --- [finquest-backend] [nio-8080-exec-6] o.s.web.servlet.DispatcherServlet        : Completed 200 OK
2026-08-09T12:43:15.213+05:30 DEBUG 16784 --- [finquest-backend] [io-8080-exec-10] org.hibernate.SQL                        : 
    select
        u1_0.id,
        u1_0.coins,
        u1_0.email,
        u1_0.email_verified,
        u1_0.financial_score,
        u1_0.last_learning_date,
        u1_0.learning_streak,
        u1_0.level,
        u1_0.literacy_level,
        u1_0.name,
        u1_0.password,
        u1_0.recommendation,
        u1_0.reset_code,
        u1_0.reset_expiry,
        u1_0.risk_profile,
        u1_0.role,
        u1_0.verification_code,
        u1_0.verification_expiry,
        u1_0.xp 
    from
        users u1_0 
    where
        u1_0.email=?
Hibernate: 
    select
        u1_0.id,
        u1_0.coins,
        u1_0.email,
        u1_0.email_verified,
        u1_0.financial_score,
        u1_0.last_learning_date,
        u1_0.learning_streak,
        u1_0.level,
        u1_0.literacy_level,
        u1_0.name,
        u1_0.password,
        u1_0.recommendation,
        u1_0.reset_code,
        u1_0.reset_expiry,
        u1_0.risk_profile,
        u1_0.role,
        u1_0.verification_code,
        u1_0.verification_expiry,
        u1_0.xp 
    from
        users u1_0 
    where
        u1_0.email=?
2026-08-09T12:43:15.220+05:30 DEBUG 16784 --- [finquest-backend] [io-8080-exec-10] o.s.web.servlet.DispatcherServlet        : POST "/api/complete-level?userId=4", parameters={masked}
2026-08-09T12:43:15.220+05:30 DEBUG 16784 --- [finquest-backend] [io-8080-exec-10] s.w.s.m.m.a.RequestMappingHandlerMapping : Mapped to com.finquest.controller.GameController#completeLevel(Long)
2026-08-09T12:43:15.239+05:30 DEBUG 16784 --- [finquest-backend] [io-8080-exec-10] org.hibernate.SQL                        : 
    select
        u1_0.id,
        u1_0.coins,
        u1_0.email,
        u1_0.email_verified,
        u1_0.financial_score,
        u1_0.last_learning_date,
        u1_0.learning_streak,
        u1_0.level,
        u1_0.literacy_level,
        u1_0.name,
        u1_0.password,
        u1_0.recommendation,
        u1_0.reset_code,
        u1_0.reset_expiry,
        u1_0.risk_profile,
        u1_0.role,
        u1_0.verification_code,
        u1_0.verification_expiry,
        u1_0.xp 
    from
        users u1_0 
    where
        u1_0.id=?
Hibernate: 
    select
        u1_0.id,
        u1_0.coins,
        u1_0.email,
        u1_0.email_verified,
        u1_0.financial_score,
        u1_0.last_learning_date,
        u1_0.learning_streak,
        u1_0.level,
        u1_0.literacy_level,
        u1_0.name,
        u1_0.password,
        u1_0.recommendation,
        u1_0.reset_code,
        u1_0.reset_expiry,
        u1_0.risk_profile,
        u1_0.role,
        u1_0.verification_code,
        u1_0.verification_expiry,
        u1_0.xp 
    from
        users u1_0 
    where
        u1_0.id=?
2026-08-09T12:43:15.261+05:30 DEBUG 16784 --- [finquest-backend] [io-8080-exec-10] org.hibernate.SQL                        : 
    update
        users 
    set
        coins=?,
        email=?,
        email_verified=?,
        financial_score=?,
        last_learning_date=?,
        learning_streak=?,
        level=?,
        literacy_level=?,
        name=?,
        password=?,
        recommendation=?,
        reset_code=?,
        reset_expiry=?,
        risk_profile=?,
        role=?,
        verification_code=?,
        verification_expiry=?,
        xp=? 
    where
        id=?
Hibernate: 
    update
        users 
    set
        coins=?,
        email=?,
        email_verified=?,
        financial_score=?,
        last_learning_date=?,
        learning_streak=?,
        level=?,
        literacy_level=?,
        name=?,
        password=?,
        recommendation=?,
        reset_code=?,
        reset_expiry=?,
        risk_profile=?,
        role=?,
        verification_code=?,
        verification_expiry=?,
        xp=? 
    where
        id=?
2026-08-09T12:43:15.277+05:30 DEBUG 16784 --- [finquest-backend] [io-8080-exec-10] org.hibernate.SQL                        : 
    select
        rw1_0.id,
        rw1_0.coins,
        rw1_0.gems,
        rw1_0.premium_coins,
        rw1_0.user_id 
    from
        reward_wallets rw1_0 
    join
        users u1_0 
            on u1_0.id=rw1_0.user_id 
    where
        u1_0.id=?
Hibernate: 
    select
        rw1_0.id,
        rw1_0.coins,
        rw1_0.gems,
        rw1_0.premium_coins,
        rw1_0.user_id 
    from
        reward_wallets rw1_0 
    join
        users u1_0 
            on u1_0.id=rw1_0.user_id 
    where
        u1_0.id=?
2026-08-09T12:43:15.296+05:30 DEBUG 16784 --- [finquest-backend] [io-8080-exec-10] org.hibernate.SQL                        : 
    insert 
    into
        reward_wallets
        (coins, gems, premium_coins, user_id) 
    values
        (?, ?, ?, ?)
Hibernate: 
    insert 
    into
        reward_wallets
        (coins, gems, premium_coins, user_id) 
    values
        (?, ?, ?, ?)
2026-08-09T12:43:15.312+05:30 DEBUG 16784 --- [finquest-backend] [io-8080-exec-10] org.hibernate.SQL                        : 
    insert 
    into
        xp_history
        (amount, awarded_at, reason, user_id) 
    values
        (?, ?, ?, ?)
Hibernate: 
    insert 
    into
        xp_history
        (amount, awarded_at, reason, user_id) 
    values
        (?, ?, ?, ?)
2026-08-09T12:43:15.329+05:30 DEBUG 16784 --- [finquest-backend] [io-8080-exec-10] org.hibernate.SQL                        : 
    insert 
    into
        reward_history
        (coins, description, earned_at, reward_type, user_id, xp) 
    values
        (?, ?, ?, ?, ?, ?)
Hibernate: 
    insert 
    into
        reward_history
        (coins, description, earned_at, reward_type, user_id, xp) 
    values
        (?, ?, ?, ?, ?, ?)
2026-08-09T12:43:15.344+05:30 DEBUG 16784 --- [finquest-backend] [io-8080-exec-10] org.hibernate.SQL                        : 
    update
        reward_wallets 
    set
        coins=?,
        gems=?,
        premium_coins=?,
        user_id=? 
    where
        id=?
Hibernate: 
    update
        reward_wallets 
    set
        coins=?,
        gems=?,
        premium_coins=?,
        user_id=? 
    where
        id=?
2026-08-09T12:43:15.372+05:30 DEBUG 16784 --- [finquest-backend] [io-8080-exec-10] org.hibernate.SQL                        : 
    select
        us1_0.id,
        us1_0.current_streak,
        us1_0.last_activity_date,
        us1_0.longest_streak,
        us1_0.user_id 
    from
        user_streaks us1_0 
    join
        users u1_0 
            on u1_0.id=us1_0.user_id 
    where
        u1_0.id=?
Hibernate: 
    select
        us1_0.id,
        us1_0.current_streak,
        us1_0.last_activity_date,
        us1_0.longest_streak,
        us1_0.user_id 
    from
        user_streaks us1_0 
    join
        users u1_0 
            on u1_0.id=us1_0.user_id 
    where
        u1_0.id=?
2026-08-09T12:43:15.382+05:30 DEBUG 16784 --- [finquest-backend] [io-8080-exec-10] org.hibernate.SQL                        : 
    update
        users 
    set
        coins=?,
        email=?,
        email_verified=?,
        financial_score=?,
        last_learning_date=?,
        learning_streak=?,
        level=?,
        literacy_level=?,
        name=?,
        password=?,
        recommendation=?,
        reset_code=?,
        reset_expiry=?,
        risk_profile=?,
        role=?,
        verification_code=?,
        verification_expiry=?,
        xp=? 
    where
        id=?
Hibernate: 
    update
        users 
    set
        coins=?,
        email=?,
        email_verified=?,
        financial_score=?,
        last_learning_date=?,
        learning_streak=?,
        level=?,
        literacy_level=?,
        name=?,
        password=?,
        recommendation=?,
        reset_code=?,
        reset_expiry=?,
        risk_profile=?,
        role=?,
        verification_code=?,
        verification_expiry=?,
        xp=? 
    where
        id=?
2026-08-09T12:43:15.392+05:30 DEBUG 16784 --- [finquest-backend] [io-8080-exec-10] org.hibernate.SQL                        : 
    update
        user_streaks 
    set
        current_streak=?,
        last_activity_date=?,
        longest_streak=?,
        user_id=? 
    where
        id=?
Hibernate: 
    update
        user_streaks 
    set
        current_streak=?,
        last_activity_date=?,
        longest_streak=?,
        user_id=? 
    where
        id=?
2026-08-09T12:43:15.415+05:30 DEBUG 16784 --- [finquest-backend] [io-8080-exec-10] o.s.w.s.m.m.a.HttpEntityMethodProcessor  : Using 'application/json', given [*/*] and supported [application/json, application/*+json]
2026-08-09T12:43:15.434+05:30 DEBUG 16784 --- [finquest-backend] [io-8080-exec-10] o.s.w.s.m.m.a.HttpEntityMethodProcessor  : Writing [LevelCompleteDto(userId=4, xp=50, level=1, leveledUp=false, xpToNextLevel=50, badgeAwarded=null)]
2026-08-09T12:43:15.440+05:30 DEBUG 16784 --- [finquest-backend] [io-8080-exec-10] o.s.web.servlet.DispatcherServlet        : Completed 200 OK
2026-08-09T12:45:18.148+05:30 DEBUG 16784 --- [finquest-backend] [nio-8080-exec-3] o.s.web.servlet.DispatcherServlet        : POST "/api/auth/refresh", parameters={}
2026-08-09T12:45:18.153+05:30 DEBUG 16784 --- [finquest-backend] [nio-8080-exec-3] s.w.s.m.m.a.RequestMappingHandlerMapping : Mapped to com.finquest.controller.AuthController#refresh(RefreshTokenRequest)
2026-08-09T12:45:18.214+05:30 DEBUG 16784 --- [finquest-backend] [nio-8080-exec-3] m.m.a.RequestResponseBodyMethodProcessor : Read "application/json;charset=UTF-8" to [RefreshTokenRequest(refreshToken=eyJhbGciOiJIUzI1NiJ9.eyJzdWIiOiI0IiwiaWF0IjoxNzg2MjU5NDkzLCJleHAiOj (truncated)...]
2026-08-09T12:45:18.343+05:30 DEBUG 16784 --- [finquest-backend] [nio-8080-exec-3] org.hibernate.SQL                        : 
    select
        rt1_0.id,
        rt1_0.created_at,
        rt1_0.expires_at,
        rt1_0.revoked,
        rt1_0.token_hash,
        rt1_0.user_id 
    from
        refresh_tokens rt1_0 
    where
        rt1_0.token_hash=?
Hibernate: 
    select
        rt1_0.id,
        rt1_0.created_at,
        rt1_0.expires_at,
        rt1_0.revoked,
        rt1_0.token_hash,
        rt1_0.user_id 
    from
        refresh_tokens rt1_0 
    where
        rt1_0.token_hash=?
2026-08-09T12:45:18.439+05:30 DEBUG 16784 --- [finquest-backend] [nio-8080-exec-3] org.hibernate.SQL                        : 
    select
        u1_0.id,
        u1_0.coins,
        u1_0.email,
        u1_0.email_verified,
        u1_0.financial_score,
        u1_0.last_learning_date,
        u1_0.learning_streak,
        u1_0.level,
        u1_0.literacy_level,
        u1_0.name,
        u1_0.password,
        u1_0.recommendation,
        u1_0.reset_code,
        u1_0.reset_expiry,
        u1_0.risk_profile,
        u1_0.role,
        u1_0.verification_code,
        u1_0.verification_expiry,
        u1_0.xp 
    from
        users u1_0 
    where
        u1_0.id=?
Hibernate: 
    select
        u1_0.id,
        u1_0.coins,
        u1_0.email,
        u1_0.email_verified,
        u1_0.financial_score,
        u1_0.last_learning_date,
        u1_0.learning_streak,
        u1_0.level,
        u1_0.literacy_level,
        u1_0.name,
        u1_0.password,
        u1_0.recommendation,
        u1_0.reset_code,
        u1_0.reset_expiry,
        u1_0.risk_profile,
        u1_0.role,
        u1_0.verification_code,
        u1_0.verification_expiry,
        u1_0.xp 
    from
        users u1_0 
    where
        u1_0.id=?
2026-08-09T12:45:18.470+05:30 DEBUG 16784 --- [finquest-backend] [nio-8080-exec-3] org.hibernate.SQL                        : 
    insert 
    into
        refresh_tokens
        (created_at, expires_at, revoked, token_hash, user_id) 
    values
        (?, ?, ?, ?, ?)
Hibernate: 
    insert 
    into
        refresh_tokens
        (created_at, expires_at, revoked, token_hash, user_id) 
    values
        (?, ?, ?, ?, ?)
2026-08-09T12:45:18.485+05:30 DEBUG 16784 --- [finquest-backend] [nio-8080-exec-3] org.hibernate.SQL                        : 
    update
        refresh_tokens 
    set
        created_at=?,
        expires_at=?,
        revoked=?,
        token_hash=?,
        user_id=? 
    where
        id=?
Hibernate: 
    update
        refresh_tokens 
    set
        created_at=?,
        expires_at=?,
        revoked=?,
        token_hash=?,
        user_id=? 
    where
        id=?
2026-08-09T12:45:18.500+05:30 DEBUG 16784 --- [finquest-backend] [nio-8080-exec-3] o.s.w.s.m.m.a.HttpEntityMethodProcessor  : Using 'application/json', given [*/*] and supported [application/json, application/*+json]
2026-08-09T12:45:18.501+05:30 DEBUG 16784 --- [finquest-backend] [nio-8080-exec-3] o.s.w.s.m.m.a.HttpEntityMethodProcessor  : Writing [AuthResponse(message=Token refreshed, userId=4, name=Phase3 Test, email=phase3_test@finquest.com, le (truncated)...]
2026-08-09T12:45:18.506+05:30 DEBUG 16784 --- [finquest-backend] [nio-8080-exec-3] o.s.web.servlet.DispatcherServlet        : Completed 200 OK
2026-08-09T12:45:49.253+05:30 DEBUG 16784 --- [finquest-backend] [nio-8080-exec-8] o.s.web.servlet.DispatcherServlet        : POST "/api/auth/refresh", parameters={}
2026-08-09T12:45:49.253+05:30 DEBUG 16784 --- [finquest-backend] [nio-8080-exec-8] s.w.s.m.m.a.RequestMappingHandlerMapping : Mapped to com.finquest.controller.AuthController#refresh(RefreshTokenRequest)
2026-08-09T12:45:49.253+05:30 DEBUG 16784 --- [finquest-backend] [nio-8080-exec-8] m.m.a.RequestResponseBodyMethodProcessor : Read "application/json;charset=UTF-8" to [RefreshTokenRequest(refreshToken=eyJhbGciOiJIUzI1NiJ9.eyJzdWIiOiI0IiwiaWF0IjoxNzg2MjU5NDkzLCJleHAiOj (truncated)...]
2026-08-09T12:45:49.269+05:30 DEBUG 16784 --- [finquest-backend] [nio-8080-exec-8] org.hibernate.SQL                        : 
    select
        rt1_0.id,
        rt1_0.created_at,
        rt1_0.expires_at,
        rt1_0.revoked,
        rt1_0.token_hash,
        rt1_0.user_id 
    from
        refresh_tokens rt1_0 
    where
        rt1_0.token_hash=?
Hibernate: 
    select
        rt1_0.id,
        rt1_0.created_at,
        rt1_0.expires_at,
        rt1_0.revoked,
        rt1_0.token_hash,
        rt1_0.user_id 
    from
        refresh_tokens rt1_0 
    where
        rt1_0.token_hash=?
2026-08-09T12:45:49.286+05:30 DEBUG 16784 --- [finquest-backend] [nio-8080-exec-8] .m.m.a.ExceptionHandlerExceptionResolver : Using @ExceptionHandler com.finquest.exception.GlobalExceptionHandler#handleUnauthorized(UnauthorizedException)
2026-08-09T12:45:49.294+05:30 DEBUG 16784 --- [finquest-backend] [nio-8080-exec-8] o.s.w.s.m.m.a.HttpEntityMethodProcessor  : Using 'application/json', given [*/*] and supported [application/json, application/*+json]
2026-08-09T12:45:49.294+05:30 DEBUG 16784 --- [finquest-backend] [nio-8080-exec-8] o.s.w.s.m.m.a.HttpEntityMethodProcessor  : Writing [ApiResponse(success=false, message=Refresh token has expired or been revoked, data=null, timestamp=2 (truncated)...]
2026-08-09T12:45:49.303+05:30 DEBUG 16784 --- [finquest-backend] [nio-8080-exec-8] .m.m.a.ExceptionHandlerExceptionResolver : Resolved [com.finquest.exception.UnauthorizedException: Refresh token has expired or been revoked]
2026-08-09T12:45:49.305+05:30 DEBUG 16784 --- [finquest-backend] [nio-8080-exec-8] o.s.web.servlet.DispatcherServlet        : Completed 401 UNAUTHORIZED
2026-08-09T12:45:49.403+05:30 DEBUG 16784 --- [finquest-backend] [nio-8080-exec-1] o.s.web.servlet.DispatcherServlet        : POST "/api/auth/logout", parameters={}
2026-08-09T12:45:49.406+05:30 DEBUG 16784 --- [finquest-backend] [nio-8080-exec-1] s.w.s.m.m.a.RequestMappingHandlerMapping : Mapped to com.finquest.controller.AuthController#logout(RefreshTokenRequest)
2026-08-09T12:45:49.409+05:30 DEBUG 16784 --- [finquest-backend] [nio-8080-exec-1] m.m.a.RequestResponseBodyMethodProcessor : Read "application/json;charset=UTF-8" to [RefreshTokenRequest(refreshToken=eyJhbGciOiJIUzI1NiJ9.eyJzdWIiOiI0IiwiaWF0IjoxNzg2MjU5NDkzLCJleHAiOj (truncated)...]
2026-08-09T12:45:49.419+05:30 DEBUG 16784 --- [finquest-backend] [nio-8080-exec-1] org.hibernate.SQL                        : 
    select
        rt1_0.id,
        rt1_0.created_at,
        rt1_0.expires_at,
        rt1_0.revoked,
        rt1_0.token_hash,
        rt1_0.user_id 
    from
        refresh_tokens rt1_0 
    where
        rt1_0.token_hash=?
Hibernate: 
    select
        rt1_0.id,
        rt1_0.created_at,
        rt1_0.expires_at,
        rt1_0.revoked,
        rt1_0.token_hash,
        rt1_0.user_id 
    from
        refresh_tokens rt1_0 
    where
        rt1_0.token_hash=?
2026-08-09T12:45:49.436+05:30 DEBUG 16784 --- [finquest-backend] [nio-8080-exec-1] o.s.w.s.m.m.a.HttpEntityMethodProcessor  : Using 'application/json', given [*/*] and supported [application/json, application/*+json]
2026-08-09T12:45:49.436+05:30 DEBUG 16784 --- [finquest-backend] [nio-8080-exec-1] o.s.w.s.m.m.a.HttpEntityMethodProcessor  : Writing [MessageResponse(message=Logged out successfully)]
2026-08-09T12:45:49.438+05:30 DEBUG 16784 --- [finquest-backend] [nio-8080-exec-1] o.s.web.servlet.DispatcherServlet        : Completed 200 OK
2026-08-09T12:45:49.593+05:30 DEBUG 16784 --- [finquest-backend] [nio-8080-exec-6] o.s.web.servlet.DispatcherServlet        : POST "/api/auth/refresh", parameters={}
2026-08-09T12:45:49.593+05:30 DEBUG 16784 --- [finquest-backend] [nio-8080-exec-6] s.w.s.m.m.a.RequestMappingHandlerMapping : Mapped to com.finquest.controller.AuthController#refresh(RefreshTokenRequest)
2026-08-09T12:45:49.598+05:30 DEBUG 16784 --- [finquest-backend] [nio-8080-exec-6] m.m.a.RequestResponseBodyMethodProcessor : Read "application/json;charset=UTF-8" to [RefreshTokenRequest(refreshToken=eyJhbGciOiJIUzI1NiJ9.eyJzdWIiOiI0IiwiaWF0IjoxNzg2MjU5NDkzLCJleHAiOj (truncated)...]
2026-08-09T12:45:49.613+05:30 DEBUG 16784 --- [finquest-backend] [nio-8080-exec-6] org.hibernate.SQL                        : 
    select
        rt1_0.id,
        rt1_0.created_at,
        rt1_0.expires_at,
        rt1_0.revoked,
        rt1_0.token_hash,
        rt1_0.user_id 
    from
        refresh_tokens rt1_0 
    where
        rt1_0.token_hash=?
Hibernate: 
    select
        rt1_0.id,
        rt1_0.created_at,
        rt1_0.expires_at,
        rt1_0.revoked,
        rt1_0.token_hash,
        rt1_0.user_id 
    from
        refresh_tokens rt1_0 
    where
        rt1_0.token_hash=?
2026-08-09T12:45:49.623+05:30 DEBUG 16784 --- [finquest-backend] [nio-8080-exec-6] .m.m.a.ExceptionHandlerExceptionResolver : Using @ExceptionHandler com.finquest.exception.GlobalExceptionHandler#handleUnauthorized(UnauthorizedException)
2026-08-09T12:45:49.625+05:30 DEBUG 16784 --- [finquest-backend] [nio-8080-exec-6] o.s.w.s.m.m.a.HttpEntityMethodProcessor  : Using 'application/json', given [*/*] and supported [application/json, application/*+json]
2026-08-09T12:45:49.625+05:30 DEBUG 16784 --- [finquest-backend] [nio-8080-exec-6] o.s.w.s.m.m.a.HttpEntityMethodProcessor  : Writing [ApiResponse(success=false, message=Refresh token has expired or been revoked, data=null, timestamp=2 (truncated)...]
2026-08-09T12:45:49.626+05:30 DEBUG 16784 --- [finquest-backend] [nio-8080-exec-6] .m.m.a.ExceptionHandlerExceptionResolver : Resolved [com.finquest.exception.UnauthorizedException: Refresh token has expired or been revoked]
2026-08-09T12:45:49.626+05:30 DEBUG 16784 --- [finquest-backend] [nio-8080-exec-6] o.s.web.servlet.DispatcherServlet        : Completed 401 UNAUTHORIZED
2026-08-09T12:46:09.218+05:30 DEBUG 16784 --- [finquest-backend] [io-8080-exec-10] o.s.web.servlet.DispatcherServlet        : POST "/api/auth/forgot-password", parameters={}
2026-08-09T12:46:09.218+05:30 DEBUG 16784 --- [finquest-backend] [io-8080-exec-10] s.w.s.m.m.a.RequestMappingHandlerMapping : Mapped to com.finquest.controller.AuthController#forgotPassword(ForgotPasswordRequest)
2026-08-09T12:46:09.228+05:30 DEBUG 16784 --- [finquest-backend] [io-8080-exec-10] m.m.a.RequestResponseBodyMethodProcessor : Read "application/json;charset=UTF-8" to [ForgotPasswordRequest(email=phase3_test@finquest.com)]
2026-08-09T12:46:09.257+05:30 DEBUG 16784 --- [finquest-backend] [io-8080-exec-10] org.hibernate.SQL                        : 
    select
        u1_0.id,
        u1_0.coins,
        u1_0.email,
        u1_0.email_verified,
        u1_0.financial_score,
        u1_0.last_learning_date,
        u1_0.learning_streak,
        u1_0.level,
        u1_0.literacy_level,
        u1_0.name,
        u1_0.password,
        u1_0.recommendation,
        u1_0.reset_code,
        u1_0.reset_expiry,
        u1_0.risk_profile,
        u1_0.role,
        u1_0.verification_code,
        u1_0.verification_expiry,
        u1_0.xp 
    from
        users u1_0 
    where
        u1_0.email=?
Hibernate: 
    select
        u1_0.id,
        u1_0.coins,
        u1_0.email,
        u1_0.email_verified,
        u1_0.financial_score,
        u1_0.last_learning_date,
        u1_0.learning_streak,
        u1_0.level,
        u1_0.literacy_level,
        u1_0.name,
        u1_0.password,
        u1_0.recommendation,
        u1_0.reset_code,
        u1_0.reset_expiry,
        u1_0.risk_profile,
        u1_0.role,
        u1_0.verification_code,
        u1_0.verification_expiry,
        u1_0.xp 
    from
        users u1_0 
    where
        u1_0.email=?
2026-08-09T12:46:09.271+05:30  INFO 16784 --- [finquest-backend] [io-8080-exec-10] com.finquest.service.EmailService        : 
=== [EMAIL NOT SENT — dev mode] ===
To: phase3_test@finquest.com
Subject: Reset your FinQuest password
Hi Phase3 Test,

Click the link below to reset your password:
http://localhost:5173/reset-password?code=c9483de7ef3de59b69ac89e38dd2f4cb523b9934704caf4e9f3a64d7c4f9cc9c

This link expires in 30 minutes.

If you did not request this, please ignore this email.

— FinQuest Team
===================================
2026-08-09T12:46:09.283+05:30 DEBUG 16784 --- [finquest-backend] [io-8080-exec-10] org.hibernate.SQL                        : 
    update
        users 
    set
        coins=?,
        email=?,
        email_verified=?,
        financial_score=?,
        last_learning_date=?,
        learning_streak=?,
        level=?,
        literacy_level=?,
        name=?,
        password=?,
        recommendation=?,
        reset_code=?,
        reset_expiry=?,
        risk_profile=?,
        role=?,
        verification_code=?,
        verification_expiry=?,
        xp=? 
    where
        id=?
Hibernate: 
    update
        users 
    set
        coins=?,
        email=?,
        email_verified=?,
        financial_score=?,
        last_learning_date=?,
        learning_streak=?,
        level=?,
        literacy_level=?,
        name=?,
        password=?,
        recommendation=?,
        reset_code=?,
        reset_expiry=?,
        risk_profile=?,
        role=?,
        verification_code=?,
        verification_expiry=?,
        xp=? 
    where
        id=?
2026-08-09T12:46:09.308+05:30 DEBUG 16784 --- [finquest-backend] [io-8080-exec-10] o.s.w.s.m.m.a.HttpEntityMethodProcessor  : Using 'application/json', given [*/*] and supported [application/json, application/*+json]
2026-08-09T12:46:09.308+05:30 DEBUG 16784 --- [finquest-backend] [io-8080-exec-10] o.s.w.s.m.m.a.HttpEntityMethodProcessor  : Writing [MessageResponse(message=If that email exists, a reset link has been sent.)]
2026-08-09T12:46:09.308+05:30 DEBUG 16784 --- [finquest-backend] [io-8080-exec-10] o.s.web.servlet.DispatcherServlet        : Completed 200 OK
2026-08-09T12:46:55.315+05:30 DEBUG 16784 --- [finquest-backend] [nio-8080-exec-3] o.s.web.servlet.DispatcherServlet        : POST "/api/auth/reset-password", parameters={}
2026-08-09T12:46:55.315+05:30 DEBUG 16784 --- [finquest-backend] [nio-8080-exec-3] s.w.s.m.m.a.RequestMappingHandlerMapping : Mapped to com.finquest.controller.AuthController#resetPassword(ResetPasswordRequest)
2026-08-09T12:46:55.337+05:30 DEBUG 16784 --- [finquest-backend] [nio-8080-exec-3] m.m.a.RequestResponseBodyMethodProcessor : Read "application/json;charset=UTF-8" to [ResetPasswordRequest(code=null, newPassword=NewPhase3Pass456!)]
2026-08-09T12:46:55.549+05:30 DEBUG 16784 --- [finquest-backend] [nio-8080-exec-3] .m.m.a.ExceptionHandlerExceptionResolver : Using @ExceptionHandler com.finquest.exception.GlobalExceptionHandler#handleValidation(MethodArgumentNotValidException)
2026-08-09T12:46:55.552+05:30 DEBUG 16784 --- [finquest-backend] [nio-8080-exec-3] o.s.w.s.m.m.a.HttpEntityMethodProcessor  : Using 'application/json', given [*/*] and supported [application/json, application/*+json]
2026-08-09T12:46:55.554+05:30 DEBUG 16784 --- [finquest-backend] [nio-8080-exec-3] o.s.w.s.m.m.a.HttpEntityMethodProcessor  : Writing [ApiResponse(success=false, message=Validation failed, data=null, timestamp=2026-08-09T07:16:55.55206 (truncated)...]
2026-08-09T12:46:55.554+05:30 DEBUG 16784 --- [finquest-backend] [nio-8080-exec-3] .m.m.a.ExceptionHandlerExceptionResolver : Resolved [org.springframework.web.bind.MethodArgumentNotValidException: Validation failed for argument [0] in public org.springframework.http.ResponseEntity<com.finquest.dto.MessageResponse> com.finquest.controller.AuthController.resetPassword(com.finquest.dto.ResetPasswordRequest): [Field error in object 'resetPasswordRequest' on field 'code': rejected value [null]; codes [NotBlank.resetPasswordRequest.code,NotBlank.code,NotBlank.java.lang.String,NotBlank]; arguments [org.springframework.context.support.DefaultMessageSourceResolvable: codes [resetPasswordRequest.code,code]; arguments []; default message [code]]; default message [Reset code is required]] ]
2026-08-09T12:46:55.554+05:30 DEBUG 16784 --- [finquest-backend] [nio-8080-exec-3] o.s.web.servlet.DispatcherServlet        : Completed 400 BAD_REQUEST
2026-08-09T12:47:40.496+05:30 DEBUG 16784 --- [finquest-backend] [nio-8080-exec-7] o.s.web.servlet.DispatcherServlet        : POST "/api/auth/reset-password", parameters={}
2026-08-09T12:47:40.502+05:30 DEBUG 16784 --- [finquest-backend] [nio-8080-exec-7] s.w.s.m.m.a.RequestMappingHandlerMapping : Mapped to com.finquest.controller.AuthController#resetPassword(ResetPasswordRequest)
2026-08-09T12:47:40.506+05:30 DEBUG 16784 --- [finquest-backend] [nio-8080-exec-7] m.m.a.RequestResponseBodyMethodProcessor : Read "application/json;charset=UTF-8" to [ResetPasswordRequest(code=c9483de7ef3de59b69ac89e38dd2f4cb523b9934704caf4e9f3a64d7c4f9cc9c, newPassw (truncated)...]
2026-08-09T12:47:40.548+05:30 DEBUG 16784 --- [finquest-backend] [nio-8080-exec-7] org.hibernate.SQL                        : 
    select
        u1_0.id,
        u1_0.coins,
        u1_0.email,
        u1_0.email_verified,
        u1_0.financial_score,
        u1_0.last_learning_date,
        u1_0.learning_streak,
        u1_0.level,
        u1_0.literacy_level,
        u1_0.name,
        u1_0.password,
        u1_0.recommendation,
        u1_0.reset_code,
        u1_0.reset_expiry,
        u1_0.risk_profile,
        u1_0.role,
        u1_0.verification_code,
        u1_0.verification_expiry,
        u1_0.xp 
    from
        users u1_0 
    where
        u1_0.reset_code=?
Hibernate: 
    select
        u1_0.id,
        u1_0.coins,
        u1_0.email,
        u1_0.email_verified,
        u1_0.financial_score,
        u1_0.last_learning_date,
        u1_0.learning_streak,
        u1_0.level,
        u1_0.literacy_level,
        u1_0.name,
        u1_0.password,
        u1_0.recommendation,
        u1_0.reset_code,
        u1_0.reset_expiry,
        u1_0.risk_profile,
        u1_0.role,
        u1_0.verification_code,
        u1_0.verification_expiry,
        u1_0.xp 
    from
        users u1_0 
    where
        u1_0.reset_code=?
2026-08-09T12:47:40.897+05:30 DEBUG 16784 --- [finquest-backend] [nio-8080-exec-7] org.hibernate.SQL                        : 
    update
        users 
    set
        coins=?,
        email=?,
        email_verified=?,
        financial_score=?,
        last_learning_date=?,
        learning_streak=?,
        level=?,
        literacy_level=?,
        name=?,
        password=?,
        recommendation=?,
        reset_code=?,
        reset_expiry=?,
        risk_profile=?,
        role=?,
        verification_code=?,
        verification_expiry=?,
        xp=? 
    where
        id=?
Hibernate: 
    update
        users 
    set
        coins=?,
        email=?,
        email_verified=?,
        financial_score=?,
        last_learning_date=?,
        learning_streak=?,
        level=?,
        literacy_level=?,
        name=?,
        password=?,
        recommendation=?,
        reset_code=?,
        reset_expiry=?,
        risk_profile=?,
        role=?,
        verification_code=?,
        verification_expiry=?,
        xp=? 
    where
        id=?
2026-08-09T12:47:40.910+05:30 DEBUG 16784 --- [finquest-backend] [nio-8080-exec-7] o.s.w.s.m.m.a.HttpEntityMethodProcessor  : Using 'application/json', given [*/*] and supported [application/json, application/*+json]
2026-08-09T12:47:40.910+05:30 DEBUG 16784 --- [finquest-backend] [nio-8080-exec-7] o.s.w.s.m.m.a.HttpEntityMethodProcessor  : Writing [MessageResponse(message=Password reset successfully. You can now log in.)]
2026-08-09T12:47:40.914+05:30 DEBUG 16784 --- [finquest-backend] [nio-8080-exec-7] o.s.web.servlet.DispatcherServlet        : Completed 200 OK
2026-08-09T12:47:58.842+05:30 DEBUG 16784 --- [finquest-backend] [nio-8080-exec-2] o.s.web.servlet.DispatcherServlet        : POST "/api/auth/login", parameters={}
2026-08-09T12:47:58.844+05:30 DEBUG 16784 --- [finquest-backend] [nio-8080-exec-2] s.w.s.m.m.a.RequestMappingHandlerMapping : Mapped to com.finquest.controller.AuthController#login(LoginRequest)
2026-08-09T12:47:58.848+05:30 DEBUG 16784 --- [finquest-backend] [nio-8080-exec-2] m.m.a.RequestResponseBodyMethodProcessor : Read "application/json;charset=UTF-8" to [LoginRequest(email=phase3_test@finquest.com, password=NewPhase3Pass456!)]
2026-08-09T12:47:58.865+05:30 DEBUG 16784 --- [finquest-backend] [nio-8080-exec-2] org.hibernate.SQL                        : 
    select
        u1_0.id,
        u1_0.coins,
        u1_0.email,
        u1_0.email_verified,
        u1_0.financial_score,
        u1_0.last_learning_date,
        u1_0.learning_streak,
        u1_0.level,
        u1_0.literacy_level,
        u1_0.name,
        u1_0.password,
        u1_0.recommendation,
        u1_0.reset_code,
        u1_0.reset_expiry,
        u1_0.risk_profile,
        u1_0.role,
        u1_0.verification_code,
        u1_0.verification_expiry,
        u1_0.xp 
    from
        users u1_0 
    where
        u1_0.email=?
Hibernate: 
    select
        u1_0.id,
        u1_0.coins,
        u1_0.email,
        u1_0.email_verified,
        u1_0.financial_score,
        u1_0.last_learning_date,
        u1_0.learning_streak,
        u1_0.level,
        u1_0.literacy_level,
        u1_0.name,
        u1_0.password,
        u1_0.recommendation,
        u1_0.reset_code,
        u1_0.reset_expiry,
        u1_0.risk_profile,
        u1_0.role,
        u1_0.verification_code,
        u1_0.verification_expiry,
        u1_0.xp 
    from
        users u1_0 
    where
        u1_0.email=?
2026-08-09T12:47:59.220+05:30 DEBUG 16784 --- [finquest-backend] [nio-8080-exec-2] org.hibernate.SQL                        : 
    select
        u1_0.id,
        u1_0.coins,
        u1_0.email,
        u1_0.email_verified,
        u1_0.financial_score,
        u1_0.last_learning_date,
        u1_0.learning_streak,
        u1_0.level,
        u1_0.literacy_level,
        u1_0.name,
        u1_0.password,
        u1_0.recommendation,
        u1_0.reset_code,
        u1_0.reset_expiry,
        u1_0.risk_profile,
        u1_0.role,
        u1_0.verification_code,
        u1_0.verification_expiry,
        u1_0.xp 
    from
        users u1_0 
    where
        u1_0.email=?
Hibernate: 
    select
        u1_0.id,
        u1_0.coins,
        u1_0.email,
        u1_0.email_verified,
        u1_0.financial_score,
        u1_0.last_learning_date,
        u1_0.learning_streak,
        u1_0.level,
        u1_0.literacy_level,
        u1_0.name,
        u1_0.password,
        u1_0.recommendation,
        u1_0.reset_code,
        u1_0.reset_expiry,
        u1_0.risk_profile,
        u1_0.role,
        u1_0.verification_code,
        u1_0.verification_expiry,
        u1_0.xp 
    from
        users u1_0 
    where
        u1_0.email=?
2026-08-09T12:47:59.233+05:30 DEBUG 16784 --- [finquest-backend] [nio-8080-exec-2] org.hibernate.SQL                        : 
    insert 
    into
        refresh_tokens
        (created_at, expires_at, revoked, token_hash, user_id) 
    values
        (?, ?, ?, ?, ?)
Hibernate: 
    insert 
    into
        refresh_tokens
        (created_at, expires_at, revoked, token_hash, user_id) 
    values
        (?, ?, ?, ?, ?)
2026-08-09T12:47:59.247+05:30 DEBUG 16784 --- [finquest-backend] [nio-8080-exec-2] o.s.w.s.m.m.a.HttpEntityMethodProcessor  : Using 'application/json', given [*/*] and supported [application/json, application/*+json]
2026-08-09T12:47:59.249+05:30 DEBUG 16784 --- [finquest-backend] [nio-8080-exec-2] o.s.w.s.m.m.a.HttpEntityMethodProcessor  : Writing [AuthResponse(message=Login successful, userId=4, name=Phase3 Test, email=phase3_test@finquest.com, l (truncated)...]
2026-08-09T12:47:59.252+05:30 DEBUG 16784 --- [finquest-backend] [nio-8080-exec-2] o.s.web.servlet.DispatcherServlet        : Completed 200 OK
2026-08-09T12:48:36.454+05:30 DEBUG 16784 --- [finquest-backend] [nio-8080-exec-9] org.hibernate.SQL                        : 
    select
        u1_0.id,
        u1_0.coins,
        u1_0.email,
        u1_0.email_verified,
        u1_0.financial_score,
        u1_0.last_learning_date,
        u1_0.learning_streak,
        u1_0.level,
        u1_0.literacy_level,
        u1_0.name,
        u1_0.password,
        u1_0.recommendation,
        u1_0.reset_code,
        u1_0.reset_expiry,
        u1_0.risk_profile,
        u1_0.role,
        u1_0.verification_code,
        u1_0.verification_expiry,
        u1_0.xp 
    from
        users u1_0 
    where
        u1_0.email=?
Hibernate: 
    select
        u1_0.id,
        u1_0.coins,
        u1_0.email,
        u1_0.email_verified,
        u1_0.financial_score,
        u1_0.last_learning_date,
        u1_0.learning_streak,
        u1_0.level,
        u1_0.literacy_level,
        u1_0.name,
        u1_0.password,
        u1_0.recommendation,
        u1_0.reset_code,
        u1_0.reset_expiry,
        u1_0.risk_profile,
        u1_0.role,
        u1_0.verification_code,
        u1_0.verification_expiry,
        u1_0.xp 
    from
        users u1_0 
    where
        u1_0.email=?
2026-08-09T12:48:36.464+05:30 DEBUG 16784 --- [finquest-backend] [nio-8080-exec-9] o.s.web.servlet.DispatcherServlet        : GET "/api/profile", parameters={}
2026-08-09T12:48:36.464+05:30 DEBUG 16784 --- [finquest-backend] [nio-8080-exec-9] s.w.s.m.m.a.RequestMappingHandlerMapping : Mapped to com.finquest.controller.ProfileController#getCurrentProfile()
2026-08-09T12:48:36.503+05:30 DEBUG 16784 --- [finquest-backend] [nio-8080-exec-9] org.hibernate.SQL                        : 
    select
        u1_0.id,
        u1_0.coins,
        u1_0.email,
        u1_0.email_verified,
        u1_0.financial_score,
        u1_0.last_learning_date,
        u1_0.learning_streak,
        u1_0.level,
        u1_0.literacy_level,
        u1_0.name,
        u1_0.password,
        u1_0.recommendation,
        u1_0.reset_code,
        u1_0.reset_expiry,
        u1_0.risk_profile,
        u1_0.role,
        u1_0.verification_code,
        u1_0.verification_expiry,
        u1_0.xp 
    from
        users u1_0 
    where
        u1_0.id=?
Hibernate: 
    select
        u1_0.id,
        u1_0.coins,
        u1_0.email,
        u1_0.email_verified,
        u1_0.financial_score,
        u1_0.last_learning_date,
        u1_0.learning_streak,
        u1_0.level,
        u1_0.literacy_level,
        u1_0.name,
        u1_0.password,
        u1_0.recommendation,
        u1_0.reset_code,
        u1_0.reset_expiry,
        u1_0.risk_profile,
        u1_0.role,
        u1_0.verification_code,
        u1_0.verification_expiry,
        u1_0.xp 
    from
        users u1_0 
    where
        u1_0.id=?
2026-08-09T12:48:36.528+05:30 DEBUG 16784 --- [finquest-backend] [nio-8080-exec-9] o.s.w.s.m.m.a.HttpEntityMethodProcessor  : Using 'application/json', given [*/*] and supported [application/json, application/*+json]
2026-08-09T12:48:36.563+05:30 DEBUG 16784 --- [finquest-backend] [nio-8080-exec-9] o.s.w.s.m.m.a.HttpEntityMethodProcessor  : Writing [ProfileDto(id=4, name=Phase3 Test, email=phase3_test@finquest.com, role=USER, emailVerified=true, le (truncated)...]
2026-08-09T12:48:36.576+05:30 DEBUG 16784 --- [finquest-backend] [nio-8080-exec-9] o.s.web.servlet.DispatcherServlet        : Completed 200 OK
2026-08-09T12:49:16.541+05:30 DEBUG 16784 --- [finquest-backend] [nio-8080-exec-7] org.hibernate.SQL                        : 
    select
        u1_0.id,
        u1_0.coins,
        u1_0.email,
        u1_0.email_verified,
        u1_0.financial_score,
        u1_0.last_learning_date,
        u1_0.learning_streak,
        u1_0.level,
        u1_0.literacy_level,
        u1_0.name,
        u1_0.password,
        u1_0.recommendation,
        u1_0.reset_code,
        u1_0.reset_expiry,
        u1_0.risk_profile,
        u1_0.role,
        u1_0.verification_code,
        u1_0.verification_expiry,
        u1_0.xp 
    from
        users u1_0 
    where
        u1_0.email=?
Hibernate: 
    select
        u1_0.id,
        u1_0.coins,
        u1_0.email,
        u1_0.email_verified,
        u1_0.financial_score,
        u1_0.last_learning_date,
        u1_0.learning_streak,
        u1_0.level,
        u1_0.literacy_level,
        u1_0.name,
        u1_0.password,
        u1_0.recommendation,
        u1_0.reset_code,
        u1_0.reset_expiry,
        u1_0.risk_profile,
        u1_0.role,
        u1_0.verification_code,
        u1_0.verification_expiry,
        u1_0.xp 
    from
        users u1_0 
    where
        u1_0.email=?
2026-08-09T12:49:16.554+05:30 DEBUG 16784 --- [finquest-backend] [nio-8080-exec-7] o.s.web.servlet.DispatcherServlet        : PUT "/api/profile", parameters={}
2026-08-09T12:49:16.555+05:30 DEBUG 16784 --- [finquest-backend] [nio-8080-exec-7] s.w.s.m.m.a.RequestMappingHandlerMapping : Mapped to com.finquest.controller.ProfileController#updateProfile(ProfileDto)
2026-08-09T12:49:16.724+05:30 DEBUG 16784 --- [finquest-backend] [nio-8080-exec-7] m.m.a.RequestResponseBodyMethodProcessor : Read "application/json;charset=UTF-8" to [ProfileDto(id=null, name=Phase3 Test Updated, email=null, role=null, emailVerified=false, level=0, x (truncated)...]
2026-08-09T12:49:16.735+05:30 DEBUG 16784 --- [finquest-backend] [nio-8080-exec-7] org.hibernate.SQL                        : 
    select
        u1_0.id,
        u1_0.coins,
        u1_0.email,
        u1_0.email_verified,
        u1_0.financial_score,
        u1_0.last_learning_date,
        u1_0.learning_streak,
        u1_0.level,
        u1_0.literacy_level,
        u1_0.name,
        u1_0.password,
        u1_0.recommendation,
        u1_0.reset_code,
        u1_0.reset_expiry,
        u1_0.risk_profile,
        u1_0.role,
        u1_0.verification_code,
        u1_0.verification_expiry,
        u1_0.xp 
    from
        users u1_0 
    where
        u1_0.id=?
Hibernate: 
    select
        u1_0.id,
        u1_0.coins,
        u1_0.email,
        u1_0.email_verified,
        u1_0.financial_score,
        u1_0.last_learning_date,
        u1_0.learning_streak,
        u1_0.level,
        u1_0.literacy_level,
        u1_0.name,
        u1_0.password,
        u1_0.recommendation,
        u1_0.reset_code,
        u1_0.reset_expiry,
        u1_0.risk_profile,
        u1_0.role,
        u1_0.verification_code,
        u1_0.verification_expiry,
        u1_0.xp 
    from
        users u1_0 
    where
        u1_0.id=?
2026-08-09T12:49:16.741+05:30 DEBUG 16784 --- [finquest-backend] [nio-8080-exec-7] org.hibernate.SQL                        : 
    update
        users 
    set
        coins=?,
        email=?,
        email_verified=?,
        financial_score=?,
        last_learning_date=?,
        learning_streak=?,
        level=?,
        literacy_level=?,
        name=?,
        password=?,
        recommendation=?,
        reset_code=?,
        reset_expiry=?,
        risk_profile=?,
        role=?,
        verification_code=?,
        verification_expiry=?,
        xp=? 
    where
        id=?
Hibernate: 
    update
        users 
    set
        coins=?,
        email=?,
        email_verified=?,
        financial_score=?,
        last_learning_date=?,
        learning_streak=?,
        level=?,
        literacy_level=?,
        name=?,
        password=?,
        recommendation=?,
        reset_code=?,
        reset_expiry=?,
        risk_profile=?,
        role=?,
        verification_code=?,
        verification_expiry=?,
        xp=? 
    where
        id=?
2026-08-09T12:49:16.753+05:30 DEBUG 16784 --- [finquest-backend] [nio-8080-exec-7] o.s.w.s.m.m.a.HttpEntityMethodProcessor  : Using 'application/json', given [*/*] and supported [application/json, application/*+json]
2026-08-09T12:49:16.753+05:30 DEBUG 16784 --- [finquest-backend] [nio-8080-exec-7] o.s.w.s.m.m.a.HttpEntityMethodProcessor  : Writing [ProfileDto(id=4, name=Phase3 Test Updated, email=phase3_test@finquest.com, role=USER, emailVerified= (truncated)...]
2026-08-09T12:49:16.753+05:30 DEBUG 16784 --- [finquest-backend] [nio-8080-exec-7] o.s.web.servlet.DispatcherServlet        : Completed 200 OK
2026-08-09T12:49:16.988+05:30 DEBUG 16784 --- [finquest-backend] [nio-8080-exec-2] org.hibernate.SQL                        : 
    select
        u1_0.id,
        u1_0.coins,
        u1_0.email,
        u1_0.email_verified,
        u1_0.financial_score,
        u1_0.last_learning_date,
        u1_0.learning_streak,
        u1_0.level,
        u1_0.literacy_level,
        u1_0.name,
        u1_0.password,
        u1_0.recommendation,
        u1_0.reset_code,
        u1_0.reset_expiry,
        u1_0.risk_profile,
        u1_0.role,
        u1_0.verification_code,
        u1_0.verification_expiry,
        u1_0.xp 
    from
        users u1_0 
    where
        u1_0.email=?
Hibernate: 
    select
        u1_0.id,
        u1_0.coins,
        u1_0.email,
        u1_0.email_verified,
        u1_0.financial_score,
        u1_0.last_learning_date,
        u1_0.learning_streak,
        u1_0.level,
        u1_0.literacy_level,
        u1_0.name,
        u1_0.password,
        u1_0.recommendation,
        u1_0.reset_code,
        u1_0.reset_expiry,
        u1_0.risk_profile,
        u1_0.role,
        u1_0.verification_code,
        u1_0.verification_expiry,
        u1_0.xp 
    from
        users u1_0 
    where
        u1_0.email=?
2026-08-09T12:49:16.996+05:30 DEBUG 16784 --- [finquest-backend] [nio-8080-exec-2] o.s.web.servlet.DispatcherServlet        : PUT "/api/profile/password", parameters={}
2026-08-09T12:49:16.996+05:30 DEBUG 16784 --- [finquest-backend] [nio-8080-exec-2] s.w.s.m.m.a.RequestMappingHandlerMapping : Mapped to com.finquest.controller.ProfileController#changePassword(ChangePasswordRequest)
2026-08-09T12:49:17.008+05:30 DEBUG 16784 --- [finquest-backend] [nio-8080-exec-2] m.m.a.RequestResponseBodyMethodProcessor : Read "application/json;charset=UTF-8" to [ChangePasswordRequest(currentPassword=NewPhase3Pass456!, newPassword=FinalPhase3Pass789!)]
2026-08-09T12:49:17.084+05:30 DEBUG 16784 --- [finquest-backend] [nio-8080-exec-2] org.hibernate.SQL                        : 
    select
        u1_0.id,
        u1_0.coins,
        u1_0.email,
        u1_0.email_verified,
        u1_0.financial_score,
        u1_0.last_learning_date,
        u1_0.learning_streak,
        u1_0.level,
        u1_0.literacy_level,
        u1_0.name,
        u1_0.password,
        u1_0.recommendation,
        u1_0.reset_code,
        u1_0.reset_expiry,
        u1_0.risk_profile,
        u1_0.role,
        u1_0.verification_code,
        u1_0.verification_expiry,
        u1_0.xp 
    from
        users u1_0 
    where
        u1_0.id=?
Hibernate: 
    select
        u1_0.id,
        u1_0.coins,
        u1_0.email,
        u1_0.email_verified,
        u1_0.financial_score,
        u1_0.last_learning_date,
        u1_0.learning_streak,
        u1_0.level,
        u1_0.literacy_level,
        u1_0.name,
        u1_0.password,
        u1_0.recommendation,
        u1_0.reset_code,
        u1_0.reset_expiry,
        u1_0.risk_profile,
        u1_0.role,
        u1_0.verification_code,
        u1_0.verification_expiry,
        u1_0.xp 
    from
        users u1_0 
    where
        u1_0.id=?
2026-08-09T12:49:17.898+05:30 DEBUG 16784 --- [finquest-backend] [nio-8080-exec-2] org.hibernate.SQL                        : 
    update
        users 
    set
        coins=?,
        email=?,
        email_verified=?,
        financial_score=?,
        last_learning_date=?,
        learning_streak=?,
        level=?,
        literacy_level=?,
        name=?,
        password=?,
        recommendation=?,
        reset_code=?,
        reset_expiry=?,
        risk_profile=?,
        role=?,
        verification_code=?,
        verification_expiry=?,
        xp=? 
    where
        id=?
Hibernate: 
    update
        users 
    set
        coins=?,
        email=?,
        email_verified=?,
        financial_score=?,
        last_learning_date=?,
        learning_streak=?,
        level=?,
        literacy_level=?,
        name=?,
        password=?,
        recommendation=?,
        reset_code=?,
        reset_expiry=?,
        risk_profile=?,
        role=?,
        verification_code=?,
        verification_expiry=?,
        xp=? 
    where
        id=?
2026-08-09T12:49:17.914+05:30 DEBUG 16784 --- [finquest-backend] [nio-8080-exec-2] o.s.w.s.m.m.a.HttpEntityMethodProcessor  : Using 'application/json', given [*/*] and supported [application/json, application/*+json]
2026-08-09T12:49:17.914+05:30 DEBUG 16784 --- [finquest-backend] [nio-8080-exec-2] o.s.w.s.m.m.a.HttpEntityMethodProcessor  : Writing [MessageResponse(message=Password changed successfully)]
2026-08-09T12:49:17.915+05:30 DEBUG 16784 --- [finquest-backend] [nio-8080-exec-2] o.s.web.servlet.DispatcherServlet        : Completed 200 OK
2026-08-09T12:49:37.967+05:30 DEBUG 16784 --- [finquest-backend] [nio-8080-exec-9] o.s.web.servlet.DispatcherServlet        : POST "/api/auth/login", parameters={}
2026-08-09T12:49:37.967+05:30 DEBUG 16784 --- [finquest-backend] [nio-8080-exec-9] s.w.s.m.m.a.RequestMappingHandlerMapping : Mapped to com.finquest.controller.AuthController#login(LoginRequest)
2026-08-09T12:49:37.973+05:30 DEBUG 16784 --- [finquest-backend] [nio-8080-exec-9] m.m.a.RequestResponseBodyMethodProcessor : Read "application/json;charset=UTF-8" to [LoginRequest(email=phase3_test@finquest.com, password=FinalPhase3Pass789!)]
2026-08-09T12:49:37.983+05:30 DEBUG 16784 --- [finquest-backend] [nio-8080-exec-9] org.hibernate.SQL                        : 
    select
        u1_0.id,
        u1_0.coins,
        u1_0.email,
        u1_0.email_verified,
        u1_0.financial_score,
        u1_0.last_learning_date,
        u1_0.learning_streak,
        u1_0.level,
        u1_0.literacy_level,
        u1_0.name,
        u1_0.password,
        u1_0.recommendation,
        u1_0.reset_code,
        u1_0.reset_expiry,
        u1_0.risk_profile,
        u1_0.role,
        u1_0.verification_code,
        u1_0.verification_expiry,
        u1_0.xp 
    from
        users u1_0 
    where
        u1_0.email=?
Hibernate: 
    select
        u1_0.id,
        u1_0.coins,
        u1_0.email,
        u1_0.email_verified,
        u1_0.financial_score,
        u1_0.last_learning_date,
        u1_0.learning_streak,
        u1_0.level,
        u1_0.literacy_level,
        u1_0.name,
        u1_0.password,
        u1_0.recommendation,
        u1_0.reset_code,
        u1_0.reset_expiry,
        u1_0.risk_profile,
        u1_0.role,
        u1_0.verification_code,
        u1_0.verification_expiry,
        u1_0.xp 
    from
        users u1_0 
    where
        u1_0.email=?
2026-08-09T12:49:38.318+05:30 DEBUG 16784 --- [finquest-backend] [nio-8080-exec-9] org.hibernate.SQL                        : 
    select
        u1_0.id,
        u1_0.coins,
        u1_0.email,
        u1_0.email_verified,
        u1_0.financial_score,
        u1_0.last_learning_date,
        u1_0.learning_streak,
        u1_0.level,
        u1_0.literacy_level,
        u1_0.name,
        u1_0.password,
        u1_0.recommendation,
        u1_0.reset_code,
        u1_0.reset_expiry,
        u1_0.risk_profile,
        u1_0.role,
        u1_0.verification_code,
        u1_0.verification_expiry,
        u1_0.xp 
    from
        users u1_0 
    where
        u1_0.email=?
Hibernate: 
    select
        u1_0.id,
        u1_0.coins,
        u1_0.email,
        u1_0.email_verified,
        u1_0.financial_score,
        u1_0.last_learning_date,
        u1_0.learning_streak,
        u1_0.level,
        u1_0.literacy_level,
        u1_0.name,
        u1_0.password,
        u1_0.recommendation,
        u1_0.reset_code,
        u1_0.reset_expiry,
        u1_0.risk_profile,
        u1_0.role,
        u1_0.verification_code,
        u1_0.verification_expiry,
        u1_0.xp 
    from
        users u1_0 
    where
        u1_0.email=?
2026-08-09T12:49:38.334+05:30 DEBUG 16784 --- [finquest-backend] [nio-8080-exec-9] org.hibernate.SQL                        : 
    insert 
    into
        refresh_tokens
        (created_at, expires_at, revoked, token_hash, user_id) 
    values
        (?, ?, ?, ?, ?)
Hibernate: 
    insert 
    into
        refresh_tokens
        (created_at, expires_at, revoked, token_hash, user_id) 
    values
        (?, ?, ?, ?, ?)
2026-08-09T12:49:38.348+05:30 DEBUG 16784 --- [finquest-backend] [nio-8080-exec-9] o.s.w.s.m.m.a.HttpEntityMethodProcessor  : Using 'application/json', given [*/*] and supported [application/json, application/*+json]
2026-08-09T12:49:38.348+05:30 DEBUG 16784 --- [finquest-backend] [nio-8080-exec-9] o.s.w.s.m.m.a.HttpEntityMethodProcessor  : Writing [AuthResponse(message=Login successful, userId=4, name=Phase3 Test Updated, email=phase3_test@finques (truncated)...]
2026-08-09T12:49:38.350+05:30 DEBUG 16784 --- [finquest-backend] [nio-8080-exec-9] o.s.web.servlet.DispatcherServlet        : Completed 200 OK
2026-08-09T12:49:38.549+05:30 DEBUG 16784 --- [finquest-backend] [nio-8080-exec-5] o.s.web.servlet.DispatcherServlet        : POST "/api/auth/login", parameters={}
2026-08-09T12:49:38.551+05:30 DEBUG 16784 --- [finquest-backend] [nio-8080-exec-5] s.w.s.m.m.a.RequestMappingHandlerMapping : Mapped to com.finquest.controller.AuthController#login(LoginRequest)
2026-08-09T12:49:38.553+05:30 DEBUG 16784 --- [finquest-backend] [nio-8080-exec-5] m.m.a.RequestResponseBodyMethodProcessor : Read "application/json;charset=UTF-8" to [LoginRequest(email=phase3_test@finquest.com, password=NewPhase3Pass456!)]
2026-08-09T12:49:38.559+05:30 DEBUG 16784 --- [finquest-backend] [nio-8080-exec-5] org.hibernate.SQL                        : 
    select
        u1_0.id,
        u1_0.coins,
        u1_0.email,
        u1_0.email_verified,
        u1_0.financial_score,
        u1_0.last_learning_date,
        u1_0.learning_streak,
        u1_0.level,
        u1_0.literacy_level,
        u1_0.name,
        u1_0.password,
        u1_0.recommendation,
        u1_0.reset_code,
        u1_0.reset_expiry,
        u1_0.risk_profile,
        u1_0.role,
        u1_0.verification_code,
        u1_0.verification_expiry,
        u1_0.xp 
    from
        users u1_0 
    where
        u1_0.email=?
Hibernate: 
    select
        u1_0.id,
        u1_0.coins,
        u1_0.email,
        u1_0.email_verified,
        u1_0.financial_score,
        u1_0.last_learning_date,
        u1_0.learning_streak,
        u1_0.level,
        u1_0.literacy_level,
        u1_0.name,
        u1_0.password,
        u1_0.recommendation,
        u1_0.reset_code,
        u1_0.reset_expiry,
        u1_0.risk_profile,
        u1_0.role,
        u1_0.verification_code,
        u1_0.verification_expiry,
        u1_0.xp 
    from
        users u1_0 
    where
        u1_0.email=?
2026-08-09T12:49:39.142+05:30 DEBUG 16784 --- [finquest-backend] [nio-8080-exec-5] .m.m.a.ExceptionHandlerExceptionResolver : Using @ExceptionHandler com.finquest.exception.GlobalExceptionHandler#handleUnauthorized(UnauthorizedException)
2026-08-09T12:49:39.148+05:30 DEBUG 16784 --- [finquest-backend] [nio-8080-exec-5] o.s.w.s.m.m.a.HttpEntityMethodProcessor  : Using 'application/json', given [*/*] and supported [application/json, application/*+json]
2026-08-09T12:49:39.150+05:30 DEBUG 16784 --- [finquest-backend] [nio-8080-exec-5] o.s.w.s.m.m.a.HttpEntityMethodProcessor  : Writing [ApiResponse(success=false, message=Invalid email or password, data=null, timestamp=2026-08-09T07:19: (truncated)...]
2026-08-09T12:49:39.152+05:30 DEBUG 16784 --- [finquest-backend] [nio-8080-exec-5] .m.m.a.ExceptionHandlerExceptionResolver : Resolved [com.finquest.exception.UnauthorizedException: Invalid email or password]
2026-08-09T12:49:39.152+05:30 DEBUG 16784 --- [finquest-backend] [nio-8080-exec-5] o.s.web.servlet.DispatcherServlet        : Completed 401 UNAUTHORIZED
2026-08-09T12:50:21.633+05:30 DEBUG 16784 --- [finquest-backend] [nio-8080-exec-4] org.hibernate.SQL                        : 
    select
        u1_0.id,
        u1_0.coins,
        u1_0.email,
        u1_0.email_verified,
        u1_0.financial_score,
        u1_0.last_learning_date,
        u1_0.learning_streak,
        u1_0.level,
        u1_0.literacy_level,
        u1_0.name,
        u1_0.password,
        u1_0.recommendation,
        u1_0.reset_code,
        u1_0.reset_expiry,
        u1_0.risk_profile,
        u1_0.role,
        u1_0.verification_code,
        u1_0.verification_expiry,
        u1_0.xp 
    from
        users u1_0 
    where
        u1_0.email=?
Hibernate: 
    select
        u1_0.id,
        u1_0.coins,
        u1_0.email,
        u1_0.email_verified,
        u1_0.financial_score,
        u1_0.last_learning_date,
        u1_0.learning_streak,
        u1_0.level,
        u1_0.literacy_level,
        u1_0.name,
        u1_0.password,
        u1_0.recommendation,
        u1_0.reset_code,
        u1_0.reset_expiry,
        u1_0.risk_profile,
        u1_0.role,
        u1_0.verification_code,
        u1_0.verification_expiry,
        u1_0.xp 
    from
        users u1_0 
    where
        u1_0.email=?
2026-08-09T12:50:40.890+05:30 DEBUG 16784 --- [finquest-backend] [nio-8080-exec-2] org.hibernate.SQL                        : 
    select
        u1_0.id,
        u1_0.coins,
        u1_0.email,
        u1_0.email_verified,
        u1_0.financial_score,
        u1_0.last_learning_date,
        u1_0.learning_streak,
        u1_0.level,
        u1_0.literacy_level,
        u1_0.name,
        u1_0.password,
        u1_0.recommendation,
        u1_0.reset_code,
        u1_0.reset_expiry,
        u1_0.risk_profile,
        u1_0.role,
        u1_0.verification_code,
        u1_0.verification_expiry,
        u1_0.xp 
    from
        users u1_0 
    where
        u1_0.email=?
Hibernate: 
    select
        u1_0.id,
        u1_0.coins,
        u1_0.email,
        u1_0.email_verified,
        u1_0.financial_score,
        u1_0.last_learning_date,
        u1_0.learning_streak,
        u1_0.level,
        u1_0.literacy_level,
        u1_0.name,
        u1_0.password,
        u1_0.recommendation,
        u1_0.reset_code,
        u1_0.reset_expiry,
        u1_0.risk_profile,
        u1_0.role,
        u1_0.verification_code,
        u1_0.verification_expiry,
        u1_0.xp 
    from
        users u1_0 
    where
        u1_0.email=?
2026-08-09T12:50:40.898+05:30 DEBUG 16784 --- [finquest-backend] [nio-8080-exec-2] o.s.web.servlet.DispatcherServlet        : GET "/api/user/leaderboard", parameters={}
2026-08-09T12:50:40.899+05:30 DEBUG 16784 --- [finquest-backend] [nio-8080-exec-2] s.w.s.m.m.a.RequestMappingHandlerMapping : Mapped to com.finquest.controller.UserController#getLeaderboard()
2026-08-09T12:50:40.923+05:30 DEBUG 16784 --- [finquest-backend] [nio-8080-exec-2] org.hibernate.SQL                        : 
    select
        u1_0.id,
        u1_0.coins,
        u1_0.email,
        u1_0.email_verified,
        u1_0.financial_score,
        u1_0.last_learning_date,
        u1_0.learning_streak,
        u1_0.level,
        u1_0.literacy_level,
        u1_0.name,
        u1_0.password,
        u1_0.recommendation,
        u1_0.reset_code,
        u1_0.reset_expiry,
        u1_0.risk_profile,
        u1_0.role,
        u1_0.verification_code,
        u1_0.verification_expiry,
        u1_0.xp 
    from
        users u1_0
Hibernate: 
    select
        u1_0.id,
        u1_0.coins,
        u1_0.email,
        u1_0.email_verified,
        u1_0.financial_score,
        u1_0.last_learning_date,
        u1_0.learning_streak,
        u1_0.level,
        u1_0.literacy_level,
        u1_0.name,
        u1_0.password,
        u1_0.recommendation,
        u1_0.reset_code,
        u1_0.reset_expiry,
        u1_0.risk_profile,
        u1_0.role,
        u1_0.verification_code,
        u1_0.verification_expiry,
        u1_0.xp 
    from
        users u1_0
2026-08-09T12:50:40.960+05:30 DEBUG 16784 --- [finquest-backend] [nio-8080-exec-2] org.hibernate.SQL                        : 
    select
        a1_0.id,
        a1_0.badge_name,
        a1_0.user_id 
    from
        achievements a1_0 
    left join
        users u1_0 
            on u1_0.id=a1_0.user_id 
    where
        u1_0.id=?
Hibernate: 
    select
        a1_0.id,
        a1_0.badge_name,
        a1_0.user_id 
    from
        achievements a1_0 
    left join
        users u1_0 
            on u1_0.id=a1_0.user_id 
    where
        u1_0.id=?
2026-08-09T12:50:40.973+05:30 DEBUG 16784 --- [finquest-backend] [nio-8080-exec-2] org.hibernate.SQL                        : 
    select
        us1_0.id,
        us1_0.current_streak,
        us1_0.last_activity_date,
        us1_0.longest_streak,
        us1_0.user_id 
    from
        user_streaks us1_0 
    join
        users u1_0 
            on u1_0.id=us1_0.user_id 
    where
        u1_0.id=?
Hibernate: 
    select
        us1_0.id,
        us1_0.current_streak,
        us1_0.last_activity_date,
        us1_0.longest_streak,
        us1_0.user_id 
    from
        user_streaks us1_0 
    join
        users u1_0 
            on u1_0.id=us1_0.user_id 
    where
        u1_0.id=?
2026-08-09T12:50:40.981+05:30 DEBUG 16784 --- [finquest-backend] [nio-8080-exec-2] org.hibernate.SQL                        : 
    select
        a1_0.id,
        a1_0.badge_name,
        a1_0.user_id 
    from
        achievements a1_0 
    left join
        users u1_0 
            on u1_0.id=a1_0.user_id 
    where
        u1_0.id=?
Hibernate: 
    select
        a1_0.id,
        a1_0.badge_name,
        a1_0.user_id 
    from
        achievements a1_0 
    left join
        users u1_0 
            on u1_0.id=a1_0.user_id 
    where
        u1_0.id=?
2026-08-09T12:50:40.987+05:30 DEBUG 16784 --- [finquest-backend] [nio-8080-exec-2] org.hibernate.SQL                        : 
    select
        us1_0.id,
        us1_0.current_streak,
        us1_0.last_activity_date,
        us1_0.longest_streak,
        us1_0.user_id 
    from
        user_streaks us1_0 
    join
        users u1_0 
            on u1_0.id=us1_0.user_id 
    where
        u1_0.id=?
Hibernate: 
    select
        us1_0.id,
        us1_0.current_streak,
        us1_0.last_activity_date,
        us1_0.longest_streak,
        us1_0.user_id 
    from
        user_streaks us1_0 
    join
        users u1_0 
            on u1_0.id=us1_0.user_id 
    where
        u1_0.id=?
2026-08-09T12:50:41.007+05:30 DEBUG 16784 --- [finquest-backend] [nio-8080-exec-2] org.hibernate.SQL                        : 
    select
        a1_0.id,
        a1_0.badge_name,
        a1_0.user_id 
    from
        achievements a1_0 
    left join
        users u1_0 
            on u1_0.id=a1_0.user_id 
    where
        u1_0.id=?
Hibernate: 
    select
        a1_0.id,
        a1_0.badge_name,
        a1_0.user_id 
    from
        achievements a1_0 
    left join
        users u1_0 
            on u1_0.id=a1_0.user_id 
    where
        u1_0.id=?
2026-08-09T12:50:41.013+05:30 DEBUG 16784 --- [finquest-backend] [nio-8080-exec-2] org.hibernate.SQL                        : 
    select
        us1_0.id,
        us1_0.current_streak,
        us1_0.last_activity_date,
        us1_0.longest_streak,
        us1_0.user_id 
    from
        user_streaks us1_0 
    join
        users u1_0 
            on u1_0.id=us1_0.user_id 
    where
        u1_0.id=?
Hibernate: 
    select
        us1_0.id,
        us1_0.current_streak,
        us1_0.last_activity_date,
        us1_0.longest_streak,
        us1_0.user_id 
    from
        user_streaks us1_0 
    join
        users u1_0 
            on u1_0.id=us1_0.user_id 
    where
        u1_0.id=?
2026-08-09T12:50:41.018+05:30 DEBUG 16784 --- [finquest-backend] [nio-8080-exec-2] org.hibernate.SQL                        : 
    select
        a1_0.id,
        a1_0.badge_name,
        a1_0.user_id 
    from
        achievements a1_0 
    left join
        users u1_0 
            on u1_0.id=a1_0.user_id 
    where
        u1_0.id=?
Hibernate: 
    select
        a1_0.id,
        a1_0.badge_name,
        a1_0.user_id 
    from
        achievements a1_0 
    left join
        users u1_0 
            on u1_0.id=a1_0.user_id 
    where
        u1_0.id=?
2026-08-09T12:50:41.022+05:30 DEBUG 16784 --- [finquest-backend] [nio-8080-exec-2] org.hibernate.SQL                        : 
    select
        us1_0.id,
        us1_0.current_streak,
        us1_0.last_activity_date,
        us1_0.longest_streak,
        us1_0.user_id 
    from
        user_streaks us1_0 
    join
        users u1_0 
            on u1_0.id=us1_0.user_id 
    where
        u1_0.id=?
Hibernate: 
    select
        us1_0.id,
        us1_0.current_streak,
        us1_0.last_activity_date,
        us1_0.longest_streak,
        us1_0.user_id 
    from
        user_streaks us1_0 
    join
        users u1_0 
            on u1_0.id=us1_0.user_id 
    where
        u1_0.id=?
2026-08-09T12:50:41.029+05:30 DEBUG 16784 --- [finquest-backend] [nio-8080-exec-2] o.s.w.s.m.m.a.HttpEntityMethodProcessor  : Using 'application/json', given [*/*] and supported [application/json, application/*+json]
2026-08-09T12:50:41.031+05:30 DEBUG 16784 --- [finquest-backend] [nio-8080-exec-2] o.s.w.s.m.m.a.HttpEntityMethodProcessor  : Writing [[LeaderboardEntryDto(id=1, username=Madhavan , avatar=, level=4, xp=111, financialScore=0, rank=1, b (truncated)...]
2026-08-09T12:50:41.040+05:30 DEBUG 16784 --- [finquest-backend] [nio-8080-exec-2] o.s.web.servlet.DispatcherServlet        : Completed 200 OK
2026-08-09T12:50:41.258+05:30 DEBUG 16784 --- [finquest-backend] [nio-8080-exec-9] org.hibernate.SQL                        : 
    select
        u1_0.id,
        u1_0.coins,
        u1_0.email,
        u1_0.email_verified,
        u1_0.financial_score,
        u1_0.last_learning_date,
        u1_0.learning_streak,
        u1_0.level,
        u1_0.literacy_level,
        u1_0.name,
        u1_0.password,
        u1_0.recommendation,
        u1_0.reset_code,
        u1_0.reset_expiry,
        u1_0.risk_profile,
        u1_0.role,
        u1_0.verification_code,
        u1_0.verification_expiry,
        u1_0.xp 
    from
        users u1_0 
    where
        u1_0.email=?
Hibernate: 
    select
        u1_0.id,
        u1_0.coins,
        u1_0.email,
        u1_0.email_verified,
        u1_0.financial_score,
        u1_0.last_learning_date,
        u1_0.learning_streak,
        u1_0.level,
        u1_0.literacy_level,
        u1_0.name,
        u1_0.password,
        u1_0.recommendation,
        u1_0.reset_code,
        u1_0.reset_expiry,
        u1_0.risk_profile,
        u1_0.role,
        u1_0.verification_code,
        u1_0.verification_expiry,
        u1_0.xp 
    from
        users u1_0 
    where
        u1_0.email=?
2026-08-09T12:50:41.265+05:30 DEBUG 16784 --- [finquest-backend] [nio-8080-exec-9] o.s.web.servlet.DispatcherServlet        : GET "/api/gamification/summary?userId=4", parameters={masked}
2026-08-09T12:50:41.265+05:30 DEBUG 16784 --- [finquest-backend] [nio-8080-exec-9] s.w.s.m.m.a.RequestMappingHandlerMapping : Mapped to com.finquest.controller.GamificationController#summary(Long)
2026-08-09T12:50:41.289+05:30 DEBUG 16784 --- [finquest-backend] [nio-8080-exec-9] org.hibernate.SQL                        : 
    select
        u1_0.id,
        u1_0.coins,
        u1_0.email,
        u1_0.email_verified,
        u1_0.financial_score,
        u1_0.last_learning_date,
        u1_0.learning_streak,
        u1_0.level,
        u1_0.literacy_level,
        u1_0.name,
        u1_0.password,
        u1_0.recommendation,
        u1_0.reset_code,
        u1_0.reset_expiry,
        u1_0.risk_profile,
        u1_0.role,
        u1_0.verification_code,
        u1_0.verification_expiry,
        u1_0.xp 
    from
        users u1_0 
    where
        u1_0.id=?
Hibernate: 
    select
        u1_0.id,
        u1_0.coins,
        u1_0.email,
        u1_0.email_verified,
        u1_0.financial_score,
        u1_0.last_learning_date,
        u1_0.learning_streak,
        u1_0.level,
        u1_0.literacy_level,
        u1_0.name,
        u1_0.password,
        u1_0.recommendation,
        u1_0.reset_code,
        u1_0.reset_expiry,
        u1_0.risk_profile,
        u1_0.role,
        u1_0.verification_code,
        u1_0.verification_expiry,
        u1_0.xp 
    from
        users u1_0 
    where
        u1_0.id=?
2026-08-09T12:50:41.295+05:30 DEBUG 16784 --- [finquest-backend] [nio-8080-exec-9] org.hibernate.SQL                        : 
    select
        us1_0.id,
        us1_0.current_streak,
        us1_0.last_activity_date,
        us1_0.longest_streak,
        us1_0.user_id 
    from
        user_streaks us1_0 
    join
        users u1_0 
            on u1_0.id=us1_0.user_id 
    where
        u1_0.id=?
Hibernate: 
    select
        us1_0.id,
        us1_0.current_streak,
        us1_0.last_activity_date,
        us1_0.longest_streak,
        us1_0.user_id 
    from
        user_streaks us1_0 
    join
        users u1_0 
            on u1_0.id=us1_0.user_id 
    where
        u1_0.id=?
2026-08-09T12:50:41.307+05:30 DEBUG 16784 --- [finquest-backend] [nio-8080-exec-9] org.hibernate.SQL                        : 
    select
        ua1_0.id,
        ua1_0.achievement_definition_id,
        ua1_0.unlocked_at,
        ua1_0.user_id 
    from
        user_achievements ua1_0 
    join
        users u1_0 
            on u1_0.id=ua1_0.user_id 
    where
        u1_0.id=?
Hibernate: 
    select
        ua1_0.id,
        ua1_0.achievement_definition_id,
        ua1_0.unlocked_at,
        ua1_0.user_id 
    from
        user_achievements ua1_0 
    join
        users u1_0 
            on u1_0.id=ua1_0.user_id 
    where
        u1_0.id=?
2026-08-09T12:50:41.313+05:30 DEBUG 16784 --- [finquest-backend] [nio-8080-exec-9] org.hibernate.SQL                        : 
    select
        ub1_0.id,
        ub1_0.badge_code,
        ub1_0.badge_name,
        ub1_0.icon,
        ub1_0.unlocked_at,
        ub1_0.user_id 
    from
        user_badges ub1_0 
    join
        users u1_0 
            on u1_0.id=ub1_0.user_id 
    where
        u1_0.id=?
Hibernate: 
    select
        ub1_0.id,
        ub1_0.badge_code,
        ub1_0.badge_name,
        ub1_0.icon,
        ub1_0.unlocked_at,
        ub1_0.user_id 
    from
        user_badges ub1_0 
    join
        users u1_0 
            on u1_0.id=ub1_0.user_id 
    where
        u1_0.id=?
2026-08-09T12:50:41.319+05:30 DEBUG 16784 --- [finquest-backend] [nio-8080-exec-9] o.s.w.s.m.m.a.HttpEntityMethodProcessor  : Using 'application/json', given [*/*] and supported [application/json, application/*+json]
2026-08-09T12:50:41.319+05:30 DEBUG 16784 --- [finquest-backend] [nio-8080-exec-9] o.s.w.s.m.m.a.HttpEntityMethodProcessor  : Writing [GamificationSummaryDto(userId=4, name=Phase3 Test Updated, level=1, currentXp=50, xpToNextLevel=50,  (truncated)...]
2026-08-09T12:50:41.319+05:30 DEBUG 16784 --- [finquest-backend] [nio-8080-exec-9] o.s.web.servlet.DispatcherServlet        : Completed 200 OK
2026-08-09T13:28:11.958+05:30  WARN 16784 --- [finquest-backend] [l-1 housekeeper] com.zaxxer.hikari.pool.HikariPool        : HikariPool-1 - Thread starvation or clock leap detected (housekeeper delta=23m39s591ms572µs700ns).
2026-08-09T13:29:57.885+05:30 DEBUG 16784 --- [finquest-backend] [nio-8080-exec-7] o.s.web.servlet.DispatcherServlet        : POST "/api/auth/login", parameters={}
2026-08-09T13:29:57.885+05:30 DEBUG 16784 --- [finquest-backend] [nio-8080-exec-7] s.w.s.m.m.a.RequestMappingHandlerMapping : Mapped to com.finquest.controller.AuthController#login(LoginRequest)
2026-08-09T13:29:57.948+05:30 DEBUG 16784 --- [finquest-backend] [nio-8080-exec-7] m.m.a.RequestResponseBodyMethodProcessor : Read "application/json;charset=UTF-8" to [LoginRequest(email=maddynn06@gmail.com, password=1234567)]
2026-08-09T13:29:58.123+05:30 DEBUG 16784 --- [finquest-backend] [nio-8080-exec-7] org.hibernate.SQL                        : 
    select
        u1_0.id,
        u1_0.coins,
        u1_0.email,
        u1_0.email_verified,
        u1_0.financial_score,
        u1_0.last_learning_date,
        u1_0.learning_streak,
        u1_0.level,
        u1_0.literacy_level,
        u1_0.name,
        u1_0.password,
        u1_0.recommendation,
        u1_0.reset_code,
        u1_0.reset_expiry,
        u1_0.risk_profile,
        u1_0.role,
        u1_0.verification_code,
        u1_0.verification_expiry,
        u1_0.xp 
    from
        users u1_0 
    where
        u1_0.email=?
Hibernate: 
    select
        u1_0.id,
        u1_0.coins,
        u1_0.email,
        u1_0.email_verified,
        u1_0.financial_score,
        u1_0.last_learning_date,
        u1_0.learning_streak,
        u1_0.level,
        u1_0.literacy_level,
        u1_0.name,
        u1_0.password,
        u1_0.recommendation,
        u1_0.reset_code,
        u1_0.reset_expiry,
        u1_0.risk_profile,
        u1_0.role,
        u1_0.verification_code,
        u1_0.verification_expiry,
        u1_0.xp 
    from
        users u1_0 
    where
        u1_0.email=?
2026-08-09T13:29:58.424+05:30 DEBUG 16784 --- [finquest-backend] [nio-8080-exec-7] org.hibernate.SQL                        : 
    select
        u1_0.id,
        u1_0.coins,
        u1_0.email,
        u1_0.email_verified,
        u1_0.financial_score,
        u1_0.last_learning_date,
        u1_0.learning_streak,
        u1_0.level,
        u1_0.literacy_level,
        u1_0.name,
        u1_0.password,
        u1_0.recommendation,
        u1_0.reset_code,
        u1_0.reset_expiry,
        u1_0.risk_profile,
        u1_0.role,
        u1_0.verification_code,
        u1_0.verification_expiry,
        u1_0.xp 
    from
        users u1_0 
    where
        u1_0.email=?
Hibernate: 
    select
        u1_0.id,
        u1_0.coins,
        u1_0.email,
        u1_0.email_verified,
        u1_0.financial_score,
        u1_0.last_learning_date,
        u1_0.learning_streak,
        u1_0.level,
        u1_0.literacy_level,
        u1_0.name,
        u1_0.password,
        u1_0.recommendation,
        u1_0.reset_code,
        u1_0.reset_expiry,
        u1_0.risk_profile,
        u1_0.role,
        u1_0.verification_code,
        u1_0.verification_expiry,
        u1_0.xp 
    from
        users u1_0 
    where
        u1_0.email=?
2026-08-09T13:29:58.509+05:30 DEBUG 16784 --- [finquest-backend] [nio-8080-exec-7] org.hibernate.SQL                        : 
    insert 
    into
        refresh_tokens
        (created_at, expires_at, revoked, token_hash, user_id) 
    values
        (?, ?, ?, ?, ?)
Hibernate: 
    insert 
    into
        refresh_tokens
        (created_at, expires_at, revoked, token_hash, user_id) 
    values
        (?, ?, ?, ?, ?)
2026-08-09T13:29:58.581+05:30 DEBUG 16784 --- [finquest-backend] [nio-8080-exec-7] o.s.w.s.m.m.a.HttpEntityMethodProcessor  : Using 'application/json', given [application/json, text/plain, */*] and supported [application/json, application/*+json]
2026-08-09T13:29:58.581+05:30 DEBUG 16784 --- [finquest-backend] [nio-8080-exec-7] o.s.w.s.m.m.a.HttpEntityMethodProcessor  : Writing [AuthResponse(message=Login successful, userId=1, name=Madhavan , email=maddynn06@gmail.com, level=4, (truncated)...]
2026-08-09T13:29:58.597+05:30 DEBUG 16784 --- [finquest-backend] [nio-8080-exec-7] o.s.web.servlet.DispatcherServlet        : Completed 200 OK
2026-08-09T13:33:27.725+05:30 DEBUG 16784 --- [finquest-backend] [nio-8080-exec-7] o.s.web.servlet.DispatcherServlet        : POST "/api/auth/login", parameters={}
2026-08-09T13:33:27.810+05:30 DEBUG 16784 --- [finquest-backend] [nio-8080-exec-7] s.w.s.m.m.a.RequestMappingHandlerMapping : Mapped to com.finquest.controller.AuthController#login(LoginRequest)
2026-08-09T13:33:28.144+05:30 DEBUG 16784 --- [finquest-backend] [nio-8080-exec-7] o.s.web.method.HandlerMethod             : Could not resolve parameter [0] in public org.springframework.http.ResponseEntity<com.finquest.dto.AuthResponse> com.finquest.controller.AuthController.login(com.finquest.dto.LoginRequest): JSON parse error: Unexpected character ('e' (code 101)): was expecting double-quote to start field name
2026-08-09T13:33:28.168+05:30 DEBUG 16784 --- [finquest-backend] [nio-8080-exec-7] .m.m.a.ExceptionHandlerExceptionResolver : Using @ExceptionHandler com.finquest.exception.GlobalExceptionHandler#handleGeneric(Exception)
2026-08-09T13:33:28.188+05:30 DEBUG 16784 --- [finquest-backend] [nio-8080-exec-7] o.s.w.s.m.m.a.HttpEntityMethodProcessor  : Using 'application/json', given [*/*] and supported [application/json, application/*+json]
2026-08-09T13:33:28.200+05:30 DEBUG 16784 --- [finquest-backend] [nio-8080-exec-7] o.s.w.s.m.m.a.HttpEntityMethodProcessor  : Writing [ApiResponse(success=false, message=An unexpected error occurred, data=null, timestamp=2026-08-09T08: (truncated)...]
2026-08-09T13:33:28.222+05:30 DEBUG 16784 --- [finquest-backend] [nio-8080-exec-7] .m.m.a.ExceptionHandlerExceptionResolver : Resolved [org.springframework.http.converter.HttpMessageNotReadableException: JSON parse error: Unexpected character ('e' (code 101)): was expecting double-quote to start field name]
2026-08-09T13:33:28.229+05:30 DEBUG 16784 --- [finquest-backend] [nio-8080-exec-7] o.s.web.servlet.DispatcherServlet        : Completed 500 INTERNAL_SERVER_ERROR
2026-08-09T13:33:47.763+05:30 DEBUG 16784 --- [finquest-backend] [nio-8080-exec-6] o.s.web.servlet.DispatcherServlet        : POST "/api/auth/login", parameters={}
2026-08-09T13:33:47.763+05:30 DEBUG 16784 --- [finquest-backend] [nio-8080-exec-6] s.w.s.m.m.a.RequestMappingHandlerMapping : Mapped to com.finquest.controller.AuthController#login(LoginRequest)
2026-08-09T13:33:47.785+05:30 DEBUG 16784 --- [finquest-backend] [nio-8080-exec-6] o.s.web.method.HandlerMethod             : Could not resolve parameter [0] in public org.springframework.http.ResponseEntity<com.finquest.dto.AuthResponse> com.finquest.controller.AuthController.login(com.finquest.dto.LoginRequest): JSON parse error: Unexpected character ('e' (code 101)): was expecting double-quote to start field name
2026-08-09T13:33:47.785+05:30 DEBUG 16784 --- [finquest-backend] [nio-8080-exec-6] .m.m.a.ExceptionHandlerExceptionResolver : Using @ExceptionHandler com.finquest.exception.GlobalExceptionHandler#handleGeneric(Exception)
2026-08-09T13:33:47.785+05:30 DEBUG 16784 --- [finquest-backend] [nio-8080-exec-6] o.s.w.s.m.m.a.HttpEntityMethodProcessor  : Using 'application/json', given [*/*] and supported [application/json, application/*+json]
2026-08-09T13:33:47.785+05:30 DEBUG 16784 --- [finquest-backend] [nio-8080-exec-6] o.s.w.s.m.m.a.HttpEntityMethodProcessor  : Writing [ApiResponse(success=false, message=An unexpected error occurred, data=null, timestamp=2026-08-09T08: (truncated)...]
2026-08-09T13:33:47.788+05:30 DEBUG 16784 --- [finquest-backend] [nio-8080-exec-6] .m.m.a.ExceptionHandlerExceptionResolver : Resolved [org.springframework.http.converter.HttpMessageNotReadableException: JSON parse error: Unexpected character ('e' (code 101)): was expecting double-quote to start field name]
2026-08-09T13:33:47.788+05:30 DEBUG 16784 --- [finquest-backend] [nio-8080-exec-6] o.s.web.servlet.DispatcherServlet        : Completed 500 INTERNAL_SERVER_ERROR
2026-08-09T13:34:59.417+05:30 DEBUG 16784 --- [finquest-backend] [io-8080-exec-10] o.s.web.servlet.DispatcherServlet        : POST "/api/auth/login", parameters={}
2026-08-09T13:34:59.426+05:30 DEBUG 16784 --- [finquest-backend] [io-8080-exec-10] s.w.s.m.m.a.RequestMappingHandlerMapping : Mapped to com.finquest.controller.AuthController#login(LoginRequest)
2026-08-09T13:34:59.460+05:30 DEBUG 16784 --- [finquest-backend] [io-8080-exec-10] m.m.a.RequestResponseBodyMethodProcessor : Read "application/json;charset=UTF-8" to [LoginRequest(email=test@finquest.com, password=test1234)]
2026-08-09T13:34:59.881+05:30 DEBUG 16784 --- [finquest-backend] [io-8080-exec-10] org.hibernate.SQL                        : 
    select
        u1_0.id,
        u1_0.coins,
        u1_0.email,
        u1_0.email_verified,
        u1_0.financial_score,
        u1_0.last_learning_date,
        u1_0.learning_streak,
        u1_0.level,
        u1_0.literacy_level,
        u1_0.name,
        u1_0.password,
        u1_0.recommendation,
        u1_0.reset_code,
        u1_0.reset_expiry,
        u1_0.risk_profile,
        u1_0.role,
        u1_0.verification_code,
        u1_0.verification_expiry,
        u1_0.xp 
    from
        users u1_0 
    where
        u1_0.email=?
Hibernate: 
    select
        u1_0.id,
        u1_0.coins,
        u1_0.email,
        u1_0.email_verified,
        u1_0.financial_score,
        u1_0.last_learning_date,
        u1_0.learning_streak,
        u1_0.level,
        u1_0.literacy_level,
        u1_0.name,
        u1_0.password,
        u1_0.recommendation,
        u1_0.reset_code,
        u1_0.reset_expiry,
        u1_0.risk_profile,
        u1_0.role,
        u1_0.verification_code,
        u1_0.verification_expiry,
        u1_0.xp 
    from
        users u1_0 
    where
        u1_0.email=?
2026-08-09T13:35:00.343+05:30 DEBUG 16784 --- [finquest-backend] [io-8080-exec-10] .m.m.a.ExceptionHandlerExceptionResolver : Using @ExceptionHandler com.finquest.exception.GlobalExceptionHandler#handleUnauthorized(UnauthorizedException)
2026-08-09T13:35:00.348+05:30 DEBUG 16784 --- [finquest-backend] [io-8080-exec-10] o.s.w.s.m.m.a.HttpEntityMethodProcessor  : Using 'application/json', given [*/*] and supported [application/json, application/*+json]
2026-08-09T13:35:00.353+05:30 DEBUG 16784 --- [finquest-backend] [io-8080-exec-10] o.s.w.s.m.m.a.HttpEntityMethodProcessor  : Writing [ApiResponse(success=false, message=Invalid email or password, data=null, timestamp=2026-08-09T08:05: (truncated)...]
2026-08-09T13:35:00.365+05:30 DEBUG 16784 --- [finquest-backend] [io-8080-exec-10] .m.m.a.ExceptionHandlerExceptionResolver : Resolved [com.finquest.exception.UnauthorizedException: Invalid email or password]
2026-08-09T13:35:00.367+05:30 DEBUG 16784 --- [finquest-backend] [io-8080-exec-10] o.s.web.servlet.DispatcherServlet        : Completed 401 UNAUTHORIZED
2026-08-09T13:35:31.659+05:30 DEBUG 16784 --- [finquest-backend] [nio-8080-exec-4] o.s.web.servlet.DispatcherServlet        : POST "/api/auth/login", parameters={}
2026-08-09T13:35:31.660+05:30 DEBUG 16784 --- [finquest-backend] [nio-8080-exec-4] s.w.s.m.m.a.RequestMappingHandlerMapping : Mapped to com.finquest.controller.AuthController#login(LoginRequest)
2026-08-09T13:35:31.662+05:30 DEBUG 16784 --- [finquest-backend] [nio-8080-exec-4] m.m.a.RequestResponseBodyMethodProcessor : Read "application/json;charset=UTF-8" to [LoginRequest(email=maddynn06@gmail.com, password=test1234)]
2026-08-09T13:35:31.667+05:30 DEBUG 16784 --- [finquest-backend] [nio-8080-exec-4] org.hibernate.SQL                        : 
    select
        u1_0.id,
        u1_0.coins,
        u1_0.email,
        u1_0.email_verified,
        u1_0.financial_score,
        u1_0.last_learning_date,
        u1_0.learning_streak,
        u1_0.level,
        u1_0.literacy_level,
        u1_0.name,
        u1_0.password,
        u1_0.recommendation,
        u1_0.reset_code,
        u1_0.reset_expiry,
        u1_0.risk_profile,
        u1_0.role,
        u1_0.verification_code,
        u1_0.verification_expiry,
        u1_0.xp 
    from
        users u1_0 
    where
        u1_0.email=?
Hibernate: 
    select
        u1_0.id,
        u1_0.coins,
        u1_0.email,
        u1_0.email_verified,
        u1_0.financial_score,
        u1_0.last_learning_date,
        u1_0.learning_streak,
        u1_0.level,
        u1_0.literacy_level,
        u1_0.name,
        u1_0.password,
        u1_0.recommendation,
        u1_0.reset_code,
        u1_0.reset_expiry,
        u1_0.risk_profile,
        u1_0.role,
        u1_0.verification_code,
        u1_0.verification_expiry,
        u1_0.xp 
    from
        users u1_0 
    where
        u1_0.email=?
2026-08-09T13:35:31.827+05:30 DEBUG 16784 --- [finquest-backend] [nio-8080-exec-4] .m.m.a.ExceptionHandlerExceptionResolver : Using @ExceptionHandler com.finquest.exception.GlobalExceptionHandler#handleUnauthorized(UnauthorizedException)
2026-08-09T13:35:31.828+05:30 DEBUG 16784 --- [finquest-backend] [nio-8080-exec-4] o.s.w.s.m.m.a.HttpEntityMethodProcessor  : Using 'application/json', given [*/*] and supported [application/json, application/*+json]
2026-08-09T13:35:31.829+05:30 DEBUG 16784 --- [finquest-backend] [nio-8080-exec-4] o.s.w.s.m.m.a.HttpEntityMethodProcessor  : Writing [ApiResponse(success=false, message=Invalid email or password, data=null, timestamp=2026-08-09T08:05: (truncated)...]
2026-08-09T13:35:31.829+05:30 DEBUG 16784 --- [finquest-backend] [nio-8080-exec-4] .m.m.a.ExceptionHandlerExceptionResolver : Resolved [com.finquest.exception.UnauthorizedException: Invalid email or password]
2026-08-09T13:35:31.830+05:30 DEBUG 16784 --- [finquest-backend] [nio-8080-exec-4] o.s.web.servlet.DispatcherServlet        : Completed 401 UNAUTHORIZED
2026-08-09T13:37:59.947+05:30 DEBUG 16784 --- [finquest-backend] [nio-8080-exec-7] o.s.web.servlet.DispatcherServlet        : POST "/api/auth/login", parameters={}
2026-08-09T13:37:59.965+05:30 DEBUG 16784 --- [finquest-backend] [nio-8080-exec-7] s.w.s.m.m.a.RequestMappingHandlerMapping : Mapped to com.finquest.controller.AuthController#login(LoginRequest)
2026-08-09T13:38:00.041+05:30 DEBUG 16784 --- [finquest-backend] [nio-8080-exec-7] m.m.a.RequestResponseBodyMethodProcessor : Read "application/json;charset=UTF-8" to [LoginRequest(email=maddynn06@gmail.com, password=test1234)]
2026-08-09T13:38:00.288+05:30 DEBUG 16784 --- [finquest-backend] [nio-8080-exec-7] org.hibernate.SQL                        : 
    select
        u1_0.id,
        u1_0.coins,
        u1_0.email,
        u1_0.email_verified,
        u1_0.financial_score,
        u1_0.last_learning_date,
        u1_0.learning_streak,
        u1_0.level,
        u1_0.literacy_level,
        u1_0.name,
        u1_0.password,
        u1_0.recommendation,
        u1_0.reset_code,
        u1_0.reset_expiry,
        u1_0.risk_profile,
        u1_0.role,
        u1_0.verification_code,
        u1_0.verification_expiry,
        u1_0.xp 
    from
        users u1_0 
    where
        u1_0.email=?
Hibernate: 
    select
        u1_0.id,
        u1_0.coins,
        u1_0.email,
        u1_0.email_verified,
        u1_0.financial_score,
        u1_0.last_learning_date,
        u1_0.learning_streak,
        u1_0.level,
        u1_0.literacy_level,
        u1_0.name,
        u1_0.password,
        u1_0.recommendation,
        u1_0.reset_code,
        u1_0.reset_expiry,
        u1_0.risk_profile,
        u1_0.role,
        u1_0.verification_code,
        u1_0.verification_expiry,
        u1_0.xp 
    from
        users u1_0 
    where
        u1_0.email=?
2026-08-09T13:38:00.552+05:30 DEBUG 16784 --- [finquest-backend] [nio-8080-exec-7] .m.m.a.ExceptionHandlerExceptionResolver : Using @ExceptionHandler com.finquest.exception.GlobalExceptionHandler#handleUnauthorized(UnauthorizedException)
2026-08-09T13:38:00.559+05:30 DEBUG 16784 --- [finquest-backend] [nio-8080-exec-7] o.s.w.s.m.m.a.HttpEntityMethodProcessor  : Using 'application/json', given [*/*] and supported [application/json, application/*+json]
2026-08-09T13:38:00.566+05:30 DEBUG 16784 --- [finquest-backend] [nio-8080-exec-7] o.s.w.s.m.m.a.HttpEntityMethodProcessor  : Writing [ApiResponse(success=false, message=Invalid email or password, data=null, timestamp=2026-08-09T08:08: (truncated)...]
2026-08-09T13:38:00.581+05:30 DEBUG 16784 --- [finquest-backend] [nio-8080-exec-7] .m.m.a.ExceptionHandlerExceptionResolver : Resolved [com.finquest.exception.UnauthorizedException: Invalid email or password]
2026-08-09T13:38:00.584+05:30 DEBUG 16784 --- [finquest-backend] [nio-8080-exec-7] o.s.web.servlet.DispatcherServlet        : Completed 401 UNAUTHORIZED
2026-08-09T13:48:29.004+05:30 DEBUG 16784 --- [finquest-backend] [nio-8080-exec-6] o.s.web.cors.DefaultCorsProcessor        : Reject: 'http://localhost:5174' origin is not allowed
2026-08-09T13:48:36.835+05:30 DEBUG 16784 --- [finquest-backend] [io-8080-exec-10] o.s.web.cors.DefaultCorsProcessor        : Reject: 'http://localhost:5174' origin is not allowed
2026-08-09T13:48:54.444+05:30 DEBUG 16784 --- [finquest-backend] [nio-8080-exec-5] o.s.web.cors.DefaultCorsProcessor        : Reject: 'http://localhost:5174' origin is not allowed
2026-08-09T13:49:02.797+05:30 DEBUG 16784 --- [finquest-backend] [nio-8080-exec-4] o.s.web.cors.DefaultCorsProcessor        : Reject: 'http://localhost:5174' origin is not allowed
2026-08-09T13:49:03.834+05:30 DEBUG 16784 --- [finquest-backend] [nio-8080-exec-3] o.s.web.cors.DefaultCorsProcessor        : Reject: 'http://localhost:5174' origin is not allowed
2026-08-09T13:49:14.254+05:30 DEBUG 16784 --- [finquest-backend] [nio-8080-exec-7] o.s.web.cors.DefaultCorsProcessor        : Reject: 'http://localhost:5174' origin is not allowed
2026-08-09T13:49:41.833+05:30 DEBUG 16784 --- [finquest-backend] [nio-8080-exec-2] o.s.web.cors.DefaultCorsProcessor        : Reject: 'http://localhost:5174' origin is not allowed
